Code_uniq,ref_Thickness,rst_Thickness,diff_Thickness
1001,  0.563010,  0.474662,  0.156921
1002,  0.592887,  0.471073,  0.205459
1003,  0.298554,  0.275803,  0.076204
1004,  0.490798,  0.436393,  0.110849
1005,  0.326872,  0.277941,  0.149694
1006,  0.465568,  0.313787,  0.326012
1007,  0.613682,  0.683028,  0.112999
1008,  0.559245,  0.597535,  0.068467
1009,  0.599384,  0.367637,  0.386643
1010,  0.205691,  0.205067,  0.003034
1011,  0.663625,  0.535723,  0.192732
1012,  0.410862,  0.364544,  0.112733
1013,  0.567128,  0.498052,  0.121799
1014,  0.698221,  0.559898,  0.198109
1015,  0.427425,  0.368843,  0.137059
1016,  0.724979,  0.636820,  0.121601
1017,  0.640342,  0.484418,  0.243502
1018,  0.714627,  0.656363,  0.081530
1019,  0.726139,  0.714775,  0.015650
1020,  0.818048,  0.717809,  0.122534
1021,  0.873886,  0.746344,  0.145949
1022,  0.736570,  0.727114,  0.012838
1023,  0.576485,  0.629486,  0.091938
1024,  0.694172,  0.761281,  0.096674
1025,  0.471434,  0.444796,  0.056504
1026,  0.800788,  0.723382,  0.096662
1027,  0.929069,  0.775864,  0.164902
1028,  0.555799,  0.547351,  0.015199
1029,  0.493973,  0.509648,  0.031733
1030,  0.811526,  0.700688,  0.136579
1031,  0.590427,  0.764873,  0.295457
1032,  0.819360,  0.716782,  0.125193
1033,  0.311860,  0.322653,  0.034610
1034,  0.508611,  0.435467,  0.143811
1035,  0.685251,  0.648439,  0.053721
1036,  0.593635,  0.574121,  0.032873
1037,  0.455374,  0.474433,  0.041855
1038,  0.475203,  0.490297,  0.031765
1039,  0.235488,  0.402914,  0.710973
1040,  0.451740,  0.389082,  0.138705
1041,  0.276772,  0.226441,  0.181852
1042,  0.786547,  0.461465,  0.413303
1043,  0.411739,  0.524018,  0.272694
1044,  0.717436,  0.516494,  0.280084
1045,  0.548721,  0.648740,  0.182276
1046,  0.677145,  0.634381,  0.063153
1047,  0.730963,  0.603602,  0.174238
1048,  0.543472,  0.558104,  0.026925
1049,  0.624974,  0.586559,  0.061466
1050,  0.726575,  0.478259,  0.341762
1051,  0.670611,  0.509167,  0.240741
1052,  0.681520,  0.507515,  0.255319
1053,  0.412632,  0.393582,  0.046168
1054,  0.406280,  0.366407,  0.098141
1055,  0.461974,  0.440946,  0.045517
1056,  0.691438,  0.634861,  0.081825
1057,  0.766737,  0.675895,  0.118479
1058,  0.647915,  0.665992,  0.027899
1059,  0.627562,  0.638791,  0.017892
1060,  0.474790,  0.421429,  0.112387
1061,  0.619206,  0.426555,  0.311126
1062,  0.500256,  0.404755,  0.190905
1063,  0.770921,  0.666993,  0.134810
1064,  0.347958,  0.188320,  0.458785
1065,  0.210795,  0.126326,  0.400717
1066,  0.208297,  0.239141,  0.148078
1067,  0.601153,  0.098713,  0.835794
1068,  0.205277,  0.148389,  0.277128
1069,  0.134972,  0.038354,  0.715839
1070,  0.666694,  0.426402,  0.360424
1071,  0.047268,  0.033727,  0.286465
1072,  0.704417,  0.341938,  0.514579
1073,  0.417305,  0.209879,  0.497060
1074,  0.622935,  0.500193,  0.197037
1075,  0.265456,  0.220693,  0.168626
1076,  0.179115,  0.149315,  0.166376
1077,  0.205963,  0.306515,  0.488203
1078,  0.213873,  0.178757,  0.164193
1079,  0.393957,  0.318633,  0.191199
1080,  0.557481,  0.443237,  0.204928
1081,  0.348510,  0.331124,  0.049885
1082,  0.623198,  0.560124,  0.101211
1083,  0.423523,  0.422743,  0.001841
1084,  0.518485,  0.292538,  0.435784
1085,  0.573623,  0.520798,  0.092091
1086,  0.185448,  0.052621,  0.716248
1087,  0.482510,  0.320436,  0.335896
1088,  0.577566,  0.164034,  0.715991
1089,  0.107682,  0.098444,  0.085790
1090,  0.553409,  0.496141,  0.103483
1091,  0.256344,  0.243217,  0.051209
1092,  0.311684,  0.270806,  0.131154
1093,  0.368871,  0.417841,  0.132757
1094,  0.453824,  0.495655,  0.092175
1095,  0.281591,  0.242886,  0.137449
1096,  0.469033,  0.479660,  0.022657
1097,  0.471457,  0.449116,  0.047387
1098,  0.450481,  0.430019,  0.045422
1099,  0.283720,  0.331322,  0.167777
1100,  0.336600,  0.352540,  0.047355
1101,  0.206536,  0.185627,  0.101237
1102,  0.252635,  0.242675,  0.039425
1103,  0.263835,  0.268135,  0.016298
1104,  0.614209,  0.521392,  0.151117
1105,  0.885305,  0.816400,  0.077831
1106,  0.657226,  0.679974,  0.034613
1107,  0.640043,  0.499020,  0.220333
1108,  0.315487,  0.152958,  0.515169
1109,  0.362327,  0.369559,  0.019960
1110,  0.484824,  0.266546,  0.450221
1111,  0.125441,  0.140924,  0.123436
1112,  0.627815,  0.562273,  0.104398
1113,  0.331548,  0.265924,  0.197931
1114,  0.471056,  0.319488,  0.321762
1115,  0.317690,  0.252663,  0.204685
1116,  0.154889,  0.128397,  0.171041
1117,  0.782470,  0.668311,  0.145895
1118,  0.273787,  0.245160,  0.104560
1119,  0.477883,  0.369404,  0.226999
1120,  0.233909,  0.204266,  0.126729
1121,  0.697118,  0.553797,  0.205591
1122,  0.289084,  0.119070,  0.588115
1123,  0.414651,  0.367289,  0.114223
1124,  0.367109,  0.319562,  0.129517
1125,  0.441275,  0.376843,  0.146012
1126,  0.263610,  0.179894,  0.317574
1127,  0.091918,  0.075543,  0.178148
1128,  0.110935,  0.097489,  0.121201
1129,  0.119844,  0.107975,  0.099038
1130,  0.348591,  0.299278,  0.141465
1131,  0.158551,  0.112233,  0.292131
1132,  0.311852,  0.308479,  0.010815
1133,  0.231364,  0.232619,  0.005425
1134,  0.503271,  0.447997,  0.109829
1135,  0.210936,  0.220858,  0.047037
1136,  0.208426,  0.202517,  0.028348
1137,  0.572827,  0.310071,  0.458700
1138,  0.184208,  0.169623,  0.079178
1139,  0.591174,  0.496362,  0.160379
1140,  0.244699,  0.235063,  0.039380
1141,  0.566175,  0.540602,  0.045168
1142,  0.523889,  0.547970,  0.045966
1143,  0.815449,  0.344390,  0.577668
1144,  0.698805,  0.668980,  0.042680
1145,  0.496973,  0.482678,  0.028766
1146,  0.398305,  0.348936,  0.123947
1147,  0.345607,  0.325366,  0.058567
1148,  0.251678,  0.243586,  0.032152
1149,  0.372163,  0.246626,  0.337317
1150,  0.571635,  0.438729,  0.232502
1151,  0.538009,  0.454648,  0.154944
1152,  0.440840,  0.445290,  0.010095
1153,  0.274986,  0.290038,  0.054739
1154,  0.736667,  0.660262,  0.103718
1155,  0.444696,  0.388329,  0.126754
1156,  0.178009,  0.125760,  0.293516
1157,  0.328964,  0.259564,  0.210967
1158,  0.331119,  0.306351,  0.074803
1159,  0.537854,  0.476725,  0.113654
1160,  0.195158,  0.163011,  0.164723
1161,  0.095604,  0.080858,  0.154239
1162,  0.580571,  0.489671,  0.156570
1163,  0.194035,  0.194997,  0.004954
1164,  0.189022,  0.143627,  0.240155
1165,  0.508327,  0.421055,  0.171685
1166,  0.144786,  0.144776,  0.000070
1167,  0.560131,  0.518675,  0.074010
1168,  0.694218,  0.657496,  0.052897
1169,  0.868023,  0.827294,  0.046921
1170,  0.940181,  0.757172,  0.194653
1171,  0.139716,  0.123098,  0.118943
1172,  0.426616,  0.371716,  0.128687
1173,  0.499618,  0.533099,  0.067012
1174,  0.287210,  0.243355,  0.152695
1175,  0.254462,  0.242562,  0.046762
1176,  0.224381,  0.220056,  0.019275
1177,  0.192922,  0.174016,  0.097998
1178,  0.212935,  0.236707,  0.111641
1179,  0.768965,  0.696360,  0.094418
1180,  0.260841,  0.166494,  0.361706
1181,  0.771164,  0.407972,  0.470966
1182,  0.711677,  0.539640,  0.241735
1183,  0.303173,  0.284582,  0.061322
1184,  0.455948,  0.368439,  0.191929
1185,  0.247005,  0.277291,  0.122610
1186,  0.306104,  0.278665,  0.089638
1187,  0.466983,  0.470275,  0.007050
1188,  0.364988,  0.353151,  0.032431
1189,  0.578959,  0.477408,  0.175402
1190,  0.335309,  0.263272,  0.214840
1191,  0.184069,  0.187493,  0.018601
1192,  0.409114,  0.378598,  0.074589
1193,  0.443460,  0.399792,  0.098472
1194,  0.514044,  0.257649,  0.498780
1195,  0.702942,  0.619569,  0.118606
1196,  0.132528,  0.114345,  0.137198
1197,  0.497370,  0.479268,  0.036395
1198,  0.612240,  0.744553,  0.216113
1199,  0.605292,  0.565835,  0.065188
1200,  0.436192,  0.482036,  0.105101
1201,  0.278461,  0.236185,  0.151820
1202,  0.554324,  0.590404,  0.065088
1203,  0.299910,  0.239537,  0.201305
1204,  0.514160,  0.423590,  0.176151
1205,  0.349103,  0.197415,  0.434507
1206,  0.210789,  0.195540,  0.072341
1207,  0.518598,  0.509972,  0.016633
1208,  0.444477,  0.389254,  0.124244
1209,  0.414367,  0.245264,  0.408100
1210,  0.530215,  0.326874,  0.383506
1211,  0.333409,  0.286249,  0.141450
1212,  0.606778,  0.534948,  0.118379
1213,  0.451147,  0.429083,  0.048906
1214,  0.675976,  0.586504,  0.132360
1215,  0.158269,  0.078251,  0.505584
1216,  0.244774,  0.203150,  0.170052
1217,  0.251816,  0.195708,  0.222814
1218,  0.500191,  0.431826,  0.136677
1219,  0.345953,  0.305513,  0.116896
1220,  0.202708,  0.192744,  0.049158
1221,  0.100511,  0.091976,  0.084918
1222,  0.089804,  0.088331,  0.016394
1223,  0.643113,  0.557466,  0.133175
1224,  0.128512,  0.102499,  0.202416
1225,  0.120225,  0.109527,  0.088982
1226,  0.123396,  0.114785,  0.069785
1227,  0.461793,  0.373207,  0.191831
1228,  0.083057,  0.075751,  0.087964
1229,  0.417558,  0.381540,  0.086258
1230,  0.370898,  0.321546,  0.133059
1231,  0.717180,  0.764092,  0.065412
1232,  0.773682,  0.605304,  0.217633
1233,  0.596094,  0.507145,  0.149221
1234,  0.906374,  0.867099,  0.043332
1235,  0.661156,  0.545528,  0.174888
1236,  0.665524,  0.526136,  0.209441
1237,  0.550606,  0.488684,  0.112461
1238,  0.397770,  0.341132,  0.142389
1239,  0.187771,  0.187210,  0.002988
1240,  0.565491,  0.531870,  0.059454
1241,  0.374088,  0.371478,  0.006978
1242,  0.343015,  0.337367,  0.016465
1243,  0.299462,  0.271479,  0.093443
1244,  0.152347,  0.131791,  0.134933
1245,  0.292581,  0.265319,  0.093177
1246,  0.351615,  0.360832,  0.026213
1247,  0.458790,  0.375682,  0.181147
1248,  0.629042,  0.533523,  0.151847
1249,  0.575945,  0.522187,  0.093339
1250,  0.256666,  0.227178,  0.114892
1251,  0.065478,  0.053616,  0.181164
1252,  0.222844,  0.179592,  0.194089
1253,  0.377997,  0.381077,  0.008146
1254,  0.511547,  0.494116,  0.034075
1255,  0.433639,  0.415347,  0.042184
1256,  0.406792,  0.374103,  0.080359
1257,  0.856712,  0.764181,  0.108007
1258,  0.623770,  0.562994,  0.097433
1259,  0.438129,  0.455463,  0.039563
1260,  0.523065,  0.498669,  0.046639
1261,  0.553844,  0.478925,  0.135271
1262,  0.231213,  0.215866,  0.066378
1263,  0.462861,  0.406559,  0.121639
1264,  0.512366,  0.425169,  0.170185
1265,  0.149007,  0.111016,  0.254961
1266,  0.221523,  0.210084,  0.051637
1267,  0.424087,  0.371370,  0.124306
1268,  0.176950,  0.145579,  0.177286
1269,  0.558944,  0.524995,  0.060737
1270,  0.155984,  0.127539,  0.182358
1271,  0.343663,  0.278507,  0.189592
1272,  0.200108,  0.180689,  0.097045
1273,  0.794900,  0.710296,  0.106433
1274,  0.669611,  0.454424,  0.321360
1275,  0.611556,  0.479073,  0.216631
1276,  0.375935,  0.388304,  0.032902
1277,  0.689524,  0.519343,  0.246810
1278,  0.486342,  0.529843,  0.089445
1279,  0.686204,  0.655364,  0.044943
1280,  0.673211,  0.509552,  0.243102
1281,  0.613402,  0.569299,  0.071900
1282,  0.697611,  0.544331,  0.219721
1283,  0.528700,  0.398862,  0.245579
1284,  0.655439,  0.546700,  0.165902
1285,  0.623782,  0.530254,  0.149937
1286,  0.621113,  0.523854,  0.156589
1287,  0.733326,  0.508510,  0.306570
1288,  0.373281,  0.339662,  0.090064
1289,  0.434646,  0.416553,  0.041628
1290,  0.189518,  0.188370,  0.006058
1291,  0.412614,  0.387005,  0.062065
1292,  0.434639,  0.379065,  0.127861
1293,  0.292224,  0.291915,  0.001059
1294,  0.224788,  0.201799,  0.102269
1295,  0.567876,  0.522813,  0.079353
1296,  0.480372,  0.428071,  0.108876
1297,  0.340820,  0.277496,  0.185799
1298,  0.619871,  0.572113,  0.077045
1299,  0.291511,  0.275647,  0.054421
1300,  0.199122,  0.191057,  0.040502
1301,  0.337385,  0.326142,  0.033323
1302,  0.519539,  0.522270,  0.005256
1303,  0.346709,  0.320869,  0.074529
1304,  0.291791,  0.289976,  0.006222
1305,  0.478130,  0.521558,  0.090828
1306,  0.336199,  0.249387,  0.258218
1307,  0.541512,  0.331959,  0.386978
1308,  0.370763,  0.247186,  0.333303
1309,  0.612517,  0.426746,  0.303291
1310,  0.398997,  0.420808,  0.054662
1311,  0.628378,  0.613297,  0.023999
1312,  0.336188,  0.331053,  0.015275
1314,  0.343150,  0.333886,  0.026995
1315,  0.634743,  0.668870,  0.053766
1316,  0.113150,  0.158180,  0.397964
1317,  0.473992,  0.455643,  0.038713
1318,  0.398037,  0.310905,  0.218904
1319,  0.460205,  0.486441,  0.057010
1320,  0.177217,  0.156196,  0.118616
1321,  0.268366,  0.495653,  0.846927
1322,  0.507184,  0.453870,  0.105118
1323,  0.422079,  0.390297,  0.075298
1324,  0.476699,  0.392599,  0.176422
1325,  0.329666,  0.214386,  0.349689
1326,  0.267924,  0.311507,  0.162668
1327,  0.731960,  0.669569,  0.085239
1328,  0.355098,  0.296246,  0.165733
1329,  0.440101,  0.447851,  0.017609
1330,  0.369091,  0.543378,  0.472205
1331,  0.591357,  0.585338,  0.010177
1332,  0.444979,  0.235613,  0.470508
1333,  0.317033,  0.246408,  0.222770
1334,  0.231508,  0.258130,  0.114993
1335,  0.270483,  0.228686,  0.154527
1336,  0.205914,  0.201937,  0.019312
1337,  0.481325,  0.487312,  0.012439
1338,  0.511950,  0.521875,  0.019388
1339,  0.460871,  0.406826,  0.117268
1340,  0.519526,  0.552178,  0.062851
1341,  0.766630,  0.700816,  0.085848
1342,  0.433555,  0.326049,  0.247963
1343,  0.435907,  0.338360,  0.223780
1344,  0.624951,  0.503459,  0.194403
1345,  0.639655,  0.495129,  0.225943
1346,  0.250784,  0.180779,  0.279145
1347,  0.198983,  0.110575,  0.444299
1348,  0.214568,  0.183041,  0.146931
1349,  0.679422,  0.650931,  0.041934
1350,  0.314079,  0.293193,  0.066499
1351,  0.421033,  0.398963,  0.052418
1352,  0.688916,  0.632554,  0.081812
1353,  0.443488,  0.348886,  0.213314
1354,  0.091114,  0.077853,  0.145543
1355,  0.359879,  0.356559,  0.009225
1356,  0.313625,  0.252888,  0.193660
1357,  0.523049,  0.379917,  0.273649
1358,  0.420563,  0.424790,  0.010052
1359,  0.435729,  0.371790,  0.146741
1360,  0.202519,  0.260089,  0.284273
1361,  0.551426,  0.470674,  0.146442
1362,  0.275459,  0.300577,  0.091186
1363,  0.602913,  0.535690,  0.111497
1364,  0.781848,  0.553520,  0.292036
1365,  0.329302,  0.355537,  0.079670
1368,  0.509563,  0.454266,  0.108519
1369,  0.236145,  0.212884,  0.098506
1370,  0.608500,  0.596235,  0.020157
1371,  0.855712,  0.824649,  0.036301
1372,  0.148037,  0.115935,  0.216851
1373,  0.257917,  0.225823,  0.124434
1374,  0.242755,  0.200284,  0.174955
1375,  0.599664,  0.560044,  0.066070
1376,  0.268990,  0.260647,  0.031016
1377,  0.200992,  0.119060,  0.407640
1378,  0.164686,  0.137079,  0.167632
1379,  0.335386,  0.192988,  0.424580
1380,  0.362768,  0.207672,  0.427535
1381,  0.357447,  0.285649,  0.200862
1382,  0.431387,  0.348049,  0.193188
1383,  0.673672,  0.448135,  0.334789
1385,  0.628053,  0.426358,  0.321143
1386,  0.386966,  0.314501,  0.187263
1387,  0.251068,  0.115823,  0.538680
1388,  0.187583,  0.126962,  0.323172
1389,  0.460390,  0.483259,  0.049672
1390,  0.564642,  0.496302,  0.121033
1391,  0.430506,  0.402820,  0.064310
1392,  0.767340,  0.658356,  0.142029
1393,  0.630127,  0.533247,  0.153746
1394,  0.317432,  0.329774,  0.038880
1395,  0.221725,  0.157576,  0.289317
1396,  0.815472,  0.553945,  0.320706
1397,  0.488946,  0.409788,  0.161896
1398,  0.792025,  0.548427,  0.307563
1399,  0.580354,  0.514245,  0.113912
1400,  0.461193,  0.291990,  0.366880
1401,  0.276236,  0.215325,  0.220505
1402,  0.441616,  0.376226,  0.148070
1403,  0.168599,  0.163145,  0.032351
1404,  0.457155,  0.342595,  0.250593
1405,  0.803007,  0.648402,  0.192532
1406,  0.405427,  0.327374,  0.192520
1407,  0.286508,  0.191707,  0.330885
1408,  0.533985,  0.475347,  0.109812
1409,  0.460821,  0.330300,  0.283237
1410,  0.691501,  0.476173,  0.311393
1411,  0.285023,  0.315329,  0.106328
1412,  0.496797,  0.418945,  0.156708
1413,  0.558680,  0.496627,  0.111071
1414,  0.253946,  0.209296,  0.175828
1415,  0.262467,  0.312971,  0.192419
1416,  0.186092,  0.139420,  0.250800
1417,  0.202373,  0.151349,  0.252132
1418,  0.892279,  0.817379,  0.083943
1419,  0.077373,  0.045305,  0.414458
1420,  0.537435,  0.464835,  0.135086
1421,  0.622530,  0.433568,  0.303539
1422,  0.675897,  0.555486,  0.178150
1423,  0.859059,  0.716700,  0.165715
1424,  0.094300,  0.061325,  0.349684
1425,  0.143922,  0.098761,  0.313789
1426,  0.324841,  0.223644,  0.311527
1427,  0.325575,  0.256600,  0.211857
1428,  0.190387,  0.136325,  0.283957
1429,  0.502203,  0.428742,  0.146276
1430,  0.508675,  0.415451,  0.183269
1431,  0.482683,  0.398520,  0.174365
1432,  0.344856,  0.282688,  0.180273
1433,  0.383915,  0.341417,  0.110696
1434,  0.338069,  0.109728,  0.675426
1435,  0.127093,  0.133799,  0.052770
1436,  0.501660,  0.395531,  0.211556
1437,  0.452016,  0.298068,  0.340581
1438,  0.180576,  0.151873,  0.158953
1439,  0.840345,  0.698013,  0.169374
1440,  0.544652,  0.305784,  0.438570
1441,  0.704490,  0.479499,  0.319367
1442,  0.154027,  0.080259,  0.478930
1443,  0.547758,  0.503835,  0.080187
1444,  0.663157,  0.456952,  0.310944
1445,  0.453630,  0.317028,  0.301132
1446,  0.464652,  0.364496,  0.215550
1447,  0.428085,  0.302528,  0.293300
1448,  0.472348,  0.416079,  0.119126
1449,  0.548194,  0.327413,  0.402743
1450,  0.646157,  0.480201,  0.256835
1451,  0.180632,  0.141902,  0.214410
1452,  0.279436,  0.246947,  0.116266
1453,  0.566628,  0.443124,  0.217963
1454,  0.391611,  0.321721,  0.178467
1455,  0.756340,  0.589194,  0.220994
1456,  0.744229,  0.548792,  0.262603
1457,  0.442153,  0.338604,  0.234193
1458,  0.837335,  0.516279,  0.383427
1459,  0.480319,  0.278432,  0.420318
1460,  0.368266,  0.296871,  0.193868
1461,  0.501212,  0.390632,  0.220625
1462,  0.118594,  0.072149,  0.391625
1463,  0.274404,  0.204251,  0.255656
1464,  0.237398,  0.161570,  0.319415
1465,  0.579376,  0.471597,  0.186027
1466,  0.314887,  0.311334,  0.011283
1467,  0.300179,  0.206228,  0.312982
1468,  0.680990,  0.539681,  0.207505
1469,  0.517208,  0.498997,  0.035211
1470,  0.444896,  0.344889,  0.224786
1471,  0.344889,  0.210637,  0.389261
1472,  0.436282,  0.412299,  0.054971
1473,  0.246265,  0.212116,  0.138671
1474,  0.592587,  0.545736,  0.079061
1475,  0.457944,  0.408322,  0.108359
1476,  0.357132,  0.096139,  0.730802
1477,  0.528982,  0.350853,  0.336739
1478,  0.443847,  0.425696,  0.040895
1479,  0.150986,  0.276191,  0.829252
1480,  0.489475,  0.399497,  0.183825
1481,  0.356312,  0.356433,  0.000340
1482,  0.566259,  0.426971,  0.245979
1483,  0.493777,  0.476475,  0.035040
1484,  0.464618,  0.397898,  0.143602
1485,  0.464301,  0.410457,  0.115968
1486,  0.463465,  0.125577,  0.729048
1487,  0.569650,  0.498700,  0.124550
1488,  0.223455,  0.210114,  0.059703
1489,  0.329522,  0.251133,  0.237886
1490,  0.450161,  0.352860,  0.216148
1491,  0.194305,  0.177352,  0.087247
1492,  0.528619,  0.484176,  0.084074
1493,  0.283137,  0.250512,  0.115225
1494,  0.313172,  0.173637,  0.445555
1495,  0.405395,  0.364237,  0.101526
1496,  0.607720,  0.443076,  0.270920
1497,  0.220533,  0.088191,  0.600101
1498,  0.463960,  0.453895,  0.021694
1499,  0.252437,  0.250811,  0.006439
1500,  0.365622,  0.321795,  0.119870
1501,  0.619234,  0.610645,  0.013869
1502,  0.580816,  0.613873,  0.056914
1503,  0.446339,  0.504911,  0.131228
1504,  0.474605,  0.278732,  0.412707
1505,  0.444692,  0.333531,  0.249973
1506,  0.456103,  0.388724,  0.147726
1507,  0.320639,  0.139854,  0.563827
1508,  0.491182,  0.440093,  0.104014
1510,  0.195753,  0.036404,  0.814030
1511,  0.398313,  0.345335,  0.133004
1512,  0.177377,  0.184446,  0.039854
1513,  0.528423,  0.463097,  0.123624
1514,  0.371212,  0.349702,  0.057945
1515,  0.411151,  0.102058,  0.751774
1516,  0.769826,  0.686400,  0.108371
1517,  0.775945,  0.403898,  0.479476
1518,  0.770129,  0.407224,  0.471226
1519,  0.437661,  0.335747,  0.232862
1520,  0.304589,  0.158925,  0.478230
1521,  0.697218,  0.763169,  0.094592
1522,  0.464214,  0.412165,  0.112123
1523,  0.487041,  0.470736,  0.033477
1524,  0.338732,  0.302463,  0.107071
1525,  0.462473,  0.472979,  0.022719
1526,  0.403301,  0.379251,  0.059634
1527,  0.491219,  0.553794,  0.127387
1528,  0.640216,  0.607282,  0.051442
1529,  0.271374,  0.287741,  0.060312
1530,  0.326053,  0.288453,  0.115318
1531,  0.681437,  0.643361,  0.055876
1532,  0.289262,  0.192590,  0.334201
1533,  0.543454,  0.511124,  0.059489
1534,  0.772226,  0.645274,  0.164398
1535,  0.651243,  0.637274,  0.021450
1536,  0.608331,  0.466810,  0.232639
1537,  0.810150,  0.775661,  0.042571
1538,  0.330754,  0.331748,  0.003008
1539,  0.501988,  0.413358,  0.176559
1540,  0.474848,  0.295190,  0.378349
1584,  0.784061,  0.670104,  0.145342
1585,  0.607965,  0.511349,  0.158916
1586,  0.619636,  0.529005,  0.146264
1587,  0.065847,  0.058873,  0.105906
1588,  0.786263,  0.677029,  0.138929
1589,  0.399915,  0.342233,  0.144236
1590,  0.720572,  0.626141,  0.131050
1591,  0.812692,  0.710779,  0.125401
1592,  0.149392,  0.170670,  0.142429
1593,  0.295644,  0.214862,  0.273242
1594,  0.681541,  0.617105,  0.094544
1595,  0.290283,  0.153110,  0.472549
1596,  0.253173,  0.213649,  0.156113
1597,  0.156976,  0.100201,  0.361679
1598,  0.460581,  0.161255,  0.649887
1599,  0.219548,  0.138472,  0.369287
1600,  0.304781,  0.279968,  0.081413
1601,  0.404604,  0.307465,  0.240085
1602,  0.705601,  0.410822,  0.417771
1603,  0.220202,  0.188182,  0.145414
1604,  0.244174,  0.206949,  0.152454
1605,  0.254178,  0.208826,  0.178425
1606,  0.691908,  0.646050,  0.066278
1607,  0.356123,  0.315319,  0.114577
1608,  0.034380,  0.025727,  0.251698
1609,  0.104125,  0.239730,  1.302327
1610,  0.504826,  0.461706,  0.085416
1611,  0.214375,  0.209039,  0.024891
1612,  0.425834,  0.345839,  0.187856
1613,  0.691139,  0.107821,  0.843995
1614,  0.354731,  0.231943,  0.346143
1615,  0.613273,  0.283385,  0.537914
1616,  0.306168,  0.202248,  0.339421
1617,  0.461109,  0.448841,  0.026605
1618,  0.320617,  0.186550,  0.418153
1619,  0.532913,  0.301521,  0.434202
1620,  0.205021,  0.140568,  0.314374
1621,  0.512926,  0.387972,  0.243611
1622,  0.362836,  0.293486,  0.191133
1623,  0.480386,  0.417090,  0.131761
1624,  0.208077,  0.132484,  0.363292
1625,  0.133914,  0.102764,  0.232615
1626,  0.642540,  0.333641,  0.480747
1627,  0.603271,  0.531875,  0.118348
1628,  0.467565,  0.360525,  0.228931
1629,  0.161264,  0.096864,  0.399344
1630,  0.467504,  0.401315,  0.141578
1631,  0.526956,  0.372560,  0.292996
1632,  0.641193,  0.475074,  0.259078
1633,  0.493189,  0.334836,  0.321080
1634,  0.414498,  0.066757,  0.838944
1635,  0.360362,  0.277421,  0.230159
1636,  0.204178,  0.196824,  0.036020
1637,  0.390182,  0.411638,  0.054991
1638,  0.700539,  0.259801,  0.629141
1639,  0.146288,  0.117791,  0.194797
1640,  0.171336,  0.086634,  0.494358
1641,  0.150509,  0.112145,  0.254893
1642,  0.070268,  0.064574,  0.081029
1643,  0.481115,  0.409443,  0.148970
1644,  0.566819,  0.434188,  0.233991
1645,  0.207864,  0.184924,  0.110363
1646,  0.407678,  0.351290,  0.138315
1647,  0.112337,  0.064236,  0.428183
1648,  0.370772,  0.270850,  0.269499
1649,  0.206341,  0.161351,  0.218036
1650,  0.436803,  0.376158,  0.138838
1651,  0.198007,  0.218472,  0.103356
1652,  0.386842,  0.394801,  0.020574
1653,  0.555089,  0.501453,  0.096627
1654,  0.747431,  0.536406,  0.282333
1655,  0.133735,  0.117213,  0.123543
1656,  0.494576,  0.423198,  0.144321
1657,  0.473014,  0.153710,  0.675043
1658,  0.542884,  0.492926,  0.092023
1659,  0.218686,  0.158155,  0.276794
1660,  0.300105,  0.114272,  0.619226
1661,  0.154031,  0.201144,  0.305865
1662,  0.365830,  0.329069,  0.100487
1663,  0.298518,  0.223261,  0.252104
1664,  0.758821,  0.639576,  0.157145
1665,  0.208845,  0.160000,  0.233883
1666,  0.039346,  0.042554,  0.081523
1667,  0.396573,  0.357401,  0.098778
1668,  0.159357,  0.144079,  0.095870
1669,  0.316326,  0.270562,  0.144675
1670,  0.590831,  0.521694,  0.117017
1671,  0.708599,  0.617155,  0.129048
1672,  0.309404,  0.227245,  0.265540
1673,  0.221394,  0.280655,  0.267674
1674,  0.429171,  0.421833,  0.017098
1675,  0.440223,  0.394980,  0.102772
1676,  0.357019,  0.302719,  0.152092
1677,  0.291847,  0.226176,  0.225017
1678,  0.496951,  0.371192,  0.253061
1679,  0.366091,  0.317053,  0.133951
1680,  0.604558,  0.528028,  0.126589
1681,  0.755999,  0.540062,  0.285631
1682,  0.391445,  0.359224,  0.082312
1683,  0.245222,  0.197432,  0.194886
1684,  0.252055,  0.189616,  0.247720
1685,  0.442471,  0.508928,  0.150197
1686,  0.109436,  0.114766,  0.048702
1687,  0.358745,  0.303339,  0.154443
1688,  0.273185,  0.233847,  0.143997
1689,  0.281532,  0.184932,  0.343121
1690,  0.562276,  0.523698,  0.068612
1691,  0.417298,  0.341726,  0.181097
1692,  0.504537,  0.408162,  0.191017
1693,  0.672700,  0.585670,  0.129374
1694,  0.179276,  0.142003,  0.207909
1695,  0.375178,  0.349173,  0.069313
1696,  0.184057,  0.168108,  0.086653
1697,  0.259463,  0.247834,  0.044821
1698,  0.734016,  0.554802,  0.244155
1699,  0.717451,  0.606703,  0.154363
1700,  0.288814,  0.259423,  0.101766
1701,  0.532081,  0.438143,  0.176548
1702,  0.151059,  0.145140,  0.039184
1703,  0.086588,  0.086289,  0.003446
1704,  0.262974,  0.225770,  0.141474
1705,  0.580952,  0.527643,  0.091761
1706,  0.230860,  0.251730,  0.090401
1707,  0.385460,  0.335530,  0.129533
1708,  0.129346,  0.069030,  0.466318
1709,  0.025083,  0.036786,  0.466528
1710,  0.717707,  0.655245,  0.087031
1711,  0.572006,  0.366518,  0.359241
1712,  0.284195,  0.471526,  0.659164
1713,  0.154187,  0.189055,  0.226145
1714,  0.344640,  0.268317,  0.221459
1715,  0.441599,  0.356236,  0.193306
1716,  0.045245,  0.095218,  1.104494
1717,  0.455257,  0.377189,  0.171482
1718,  0.428949,  0.361476,  0.157299
1719,  0.496835,  0.436076,  0.122292
1720,  0.667045,  0.587882,  0.118678
1721,  0.582022,  0.447166,  0.231703
1722,  0.764976,  0.422279,  0.447984
1723,  0.369600,  0.281647,  0.237968
1724,  0.474866,  0.350685,  0.261506
1725,  0.360377,  0.228702,  0.365382
1726,  0.544990,  0.318006,  0.416492
1727,  0.193906,  0.169508,  0.125824
1728,  0.287081,  0.241389,  0.159161
1729,  0.312059,  0.223590,  0.283500
1730,  0.327829,  0.182690,  0.442727
1731,  0.206763,  0.163346,  0.209985
1732,  0.699810,  0.496047,  0.291169
1733,  0.358166,  0.286814,  0.199214
1734,  0.561127,  0.245420,  0.562631
1735,  0.754180,  0.570133,  0.244036
1736,  0.204941,  0.123318,  0.398276
1737,  0.426882,  0.346783,  0.187638
1738,  0.303761,  0.255804,  0.157877
1739,  0.685732,  0.543195,  0.207862
1740,  0.268647,  0.208849,  0.222590
1741,  0.273966,  0.342013,  0.248379
1742,  0.426547,  0.220983,  0.481925
1743,  0.491442,  0.390128,  0.206158
1744,  0.554569,  0.014504,  0.973846
1745,  0.137523,  0.084523,  0.385392
1746,  0.587511,  0.051469,  0.912395
1747,  0.395964,  0.032306,  0.918413
1748,  0.080086,  0.078244,  0.022998
1749,  0.331211,  0.286728,  0.134305
1750,  0.262041,  0.222350,  0.151472
1751,  0.269271,  0.278218,  0.033227
1752,  0.363136,  0.291519,  0.197218
1753,  0.433077,  0.251360,  0.419595
1754,  0.651061,  0.450070,  0.308713
1755,  0.234093,  0.192465,  0.177827
1756,  0.238056,  0.169908,  0.286269
1757,  0.160261,  0.125996,  0.213810
1758,  0.290526,  0.281440,  0.031274
1759,  0.757291,  0.697079,  0.079509
1760,  0.317577,  0.291733,  0.081381
1761,  0.610144,  0.498994,  0.182170
1762,  0.782137,  0.638313,  0.183887
1763,  0.366435,  0.271137,  0.260070
1764,  0.668183,  0.473819,  0.290885
1765,  0.246288,  0.220400,  0.105111
1766,  0.251474,  0.214743,  0.146061
1767,  0.727486,  0.616982,  0.151899
1768,  0.412586,  0.321992,  0.219577
1769,  0.475740,  0.396821,  0.165886
1770,  0.604508,  0.395480,  0.345782
1771,  0.392144,  0.262732,  0.330012
1772,  0.250766,  0.140982,  0.437792
1773,  0.272493,  0.253543,  0.069544
1774,  0.102555,  0.076307,  0.255942
1775,  0.364365,  0.344001,  0.055888
1776,  0.390629,  0.264126,  0.323846
1777,  0.237544,  0.156397,  0.341609
1778,  0.344440,  0.209512,  0.391730
1779,  0.555081,  0.199758,  0.640128
1780,  0.286879,  0.181295,  0.368045
1781,  0.660499,  0.467918,  0.291569
1782,  0.153379,  0.120281,  0.215795
1783,  0.429833,  0.400421,  0.068427
1784,  0.454050,  0.355058,  0.218020
1785,  0.192804,  0.157963,  0.180705
1786,  0.163863,  0.115493,  0.295187
1787,  0.400567,  0.312251,  0.220478
1788,  0.266907,  0.219747,  0.176690
1789,  0.631598,  0.454068,  0.281081
1790,  0.628056,  0.485685,  0.226685
1791,  0.512615,  0.305522,  0.403993
1792,  0.514229,  0.375818,  0.269163
1793,  0.745930,  0.605810,  0.187846
1794,  0.910289,  0.673436,  0.260195
1795,  0.664158,  0.591252,  0.109772
1796,  0.560026,  0.463607,  0.172169
1797,  0.319907,  0.103891,  0.675248
1798,  0.207992,  0.193808,  0.068198
1799,  0.518045,  0.424969,  0.179668
1800,  0.230820,  0.141619,  0.386456
1801,  0.440910,  0.281021,  0.362633
1802,  0.613404,  0.373146,  0.391679
1803,  0.371596,  0.330406,  0.110845
1804,  0.110975,  0.090046,  0.188595
1805,  0.277236,  0.236032,  0.148622
1806,  0.298159,  0.262999,  0.117923
1807,  0.319881,  0.270631,  0.153963
1808,  0.491861,  0.424701,  0.136542
1809,  0.370889,  0.331677,  0.105722
1810,  0.233747,  0.180420,  0.228141
1811,  0.383038,  0.360154,  0.059743
1812,  0.166715,  0.179322,  0.075618
1813,  0.190090,  0.169366,  0.109022
1814,  0.476226,  0.374485,  0.213640
1815,  0.523763,  0.392114,  0.251353
1816,  0.318208,  0.247720,  0.221517
1817,  0.614092,  0.405041,  0.340423
1818,  0.388733,  0.335195,  0.137724
1819,  0.374618,  0.310090,  0.172251
1820,  0.582634,  0.464595,  0.202597
1821,  0.460530,  0.357396,  0.223946
1822,  0.259477,  0.249476,  0.038541
1823,  0.260606,  0.199699,  0.233712
1824,  0.407801,  0.369763,  0.093276
1825,  0.473188,  0.423633,  0.104727
1826,  0.196094,  0.108929,  0.444507
1827,  0.597622,  0.548013,  0.083010
1828,  0.020836,  0.016591,  0.203725
1829,  0.278345,  0.210977,  0.242032
1830,  0.854221,  0.626562,  0.266511
1831,  0.158429,  0.125912,  0.205248
1832,  0.101105,  0.078488,  0.223699
1833,  0.363266,  0.342077,  0.058329
1834,  0.348827,  0.248539,  0.287501
1835,  0.521647,  0.476287,  0.086956
1836,  0.335422,  0.151072,  0.549607
1837,  0.665159,  0.435066,  0.345922
1838,  0.522346,  0.271962,  0.479345
1839,  0.433965,  0.088029,  0.797152
1840,  0.642406,  0.495413,  0.228817
1841,  0.523351,  0.462987,  0.115341
1842,  0.533734,  0.434306,  0.186289
1843,  0.396346,  0.127295,  0.678830
1844,  0.173906,  0.076283,  0.561355
1845,  0.443527,  0.162886,  0.632747
1846,  0.494450,  0.222290,  0.550430
1847,  0.095189,  0.078812,  0.172048
1848,  0.096376,  0.098933,  0.026530
1849,  0.089042,  0.068194,  0.234138
1850,  0.329238,  0.281484,  0.145043
1851,  0.264428,  0.295683,  0.118197
1852,  0.226247,  0.117019,  0.482782
1853,  0.362134,  0.268635,  0.258189
1854,  0.312192,  0.066307,  0.787609
1855,  0.342955,  0.195605,  0.429647
1856,  0.503953,  0.218038,  0.567345
1857,  0.398246,  0.025284,  0.936512
1858,  0.570996,  0.401687,  0.296515
1859,  0.203039,  0.112211,  0.447345
1860,  0.163741,  0.163451,  0.001774
1861,  0.587735,  0.553388,  0.058439
1862,  0.410942,  0.274083,  0.333036
1863,  0.792484,  0.578325,  0.270238
1864,  0.058500,  0.046352,  0.207667
1865,  0.220168,  0.203490,  0.075750
1866,  0.453253,  0.375385,  0.171798
1867,  0.481061,  0.386765,  0.196018
1868,  0.460669,  0.396048,  0.140276
1869,  0.240771,  0.212942,  0.115582
1870,  0.875065,  0.734238,  0.160933
1871,  0.161750,  0.142669,  0.117965
1872,  0.192409,  0.153958,  0.199842
1873,  0.485159,  0.296005,  0.389880
1874,  0.465405,  0.199422,  0.571509
1875,  0.762980,  0.436670,  0.427678
1876,  0.580450,  0.398939,  0.312708
1877,  0.587821,  0.322653,  0.451103
1878,  0.148412,  0.129419,  0.127973
1879,  0.304744,  0.292829,  0.039097
1880,  0.287670,  0.132788,  0.538403
1881,  0.718916,  0.499148,  0.305694
1882,  0.540263,  0.412731,  0.236056
1883,  0.336334,  0.248386,  0.261489
1884,  0.403943,  0.319345,  0.209431
1885,  0.471477,  0.058025,  0.876930
1886,  0.759310,  0.227807,  0.699982
1887,  0.407948,  0.294367,  0.278422
1888,  0.766306,  0.413201,  0.460788
1889,  0.638937,  0.298703,  0.532500
1890,  0.246311,  0.190894,  0.224988
1891,  0.460399,  0.227443,  0.505988
1892,  0.425040,  0.357673,  0.158495
1893,  0.528667,  0.528161,  0.000957
1894,  0.253143,  0.241195,  0.047197
1895,  0.427354,  0.361410,  0.154307
1896,  0.861089,  0.672129,  0.219443
1897,  0.576893,  0.505938,  0.122996
1898,  0.540737,  0.427886,  0.208698
1899,  0.674216,  0.464455,  0.311118
1900,  0.650198,  0.571725,  0.120690
1901,  0.719269,  0.661913,  0.079742
1902,  0.508822,  0.237999,  0.532254
1903,  0.851913,  0.105655,  0.875979
1904,  0.475821,  0.255119,  0.463833
1905,  0.166856,  0.139728,  0.162586
1906,  0.610912,  0.452734,  0.258921
1907,  0.330869,  0.244088,  0.262284
1908,  0.329797,  0.247053,  0.250894
1909,  0.125722,  0.106371,  0.153916
1910,  0.400980,  0.639703,  0.595350
1911,  0.452344,  0.342795,  0.242181
1912,  0.506440,  0.437543,  0.136042
1913,  0.203900,  0.200896,  0.014732
1914,  0.592654,  0.225100,  0.620184
1915,  0.336136,  0.250514,  0.254725
1916,  0.332038,  0.204037,  0.385501
1917,  0.124159,  0.086961,  0.299599
1918,  0.284292,  0.281901,  0.008411
1919,  0.853848,  0.682556,  0.200611
1920,  0.753571,  0.290316,  0.614746
1921,  0.394980,  0.309969,  0.215229
1922,  0.446827,  0.359678,  0.195040
1923,  0.558680,  0.195713,  0.649687
1924,  0.485408,  0.470323,  0.031077
1925,  0.640047,  0.467287,  0.269918
1926,  0.725637,  0.608347,  0.161638
1927,  0.533563,  0.408019,  0.235293
1928,  0.293625,  0.211130,  0.280952
1929,  0.308605,  0.240402,  0.221002
1930,  0.649935,  0.522475,  0.196112
1931,  0.682351,  0.552424,  0.190412
1932,  0.165650,  0.131988,  0.203214
1933,  0.375449,  0.332034,  0.115636
1934,  0.503060,  0.442130,  0.121118
1935,  0.544626,  0.488588,  0.102892
1936,  0.135375,  0.131705,  0.027112
1937,  0.462822,  0.340813,  0.263620
1938,  0.253313,  0.213893,  0.155620
1939,  0.801744,  0.622256,  0.223872
1940,  0.562318,  0.414251,  0.263315
1941,  0.381176,  0.322964,  0.152718
1942,  0.195988,  0.139482,  0.288312
1943,  0.431931,  0.394376,  0.086946
1944,  0.703845,  0.623178,  0.114608
1945,  0.338992,  0.273018,  0.194618
1946,  0.678821,  0.528467,  0.221493
1947,  0.583736,  0.463715,  0.205607
1948,  0.866315,  0.760918,  0.121661
1949,  0.564048,  0.487016,  0.136570
1950,  0.451934,  0.361483,  0.200144
1951,  0.408921,  0.323371,  0.209208
1952,  0.540902,  0.434276,  0.197126
1953,  0.354298,  0.330613,  0.066849
1954,  0.093720,  0.096064,  0.025011
1955,  0.404620,  0.312456,  0.227780
1956,  0.802886,  0.240295,  0.700711
1958,  0.333236,  0.051415,  0.845710
1959,  0.297680,  0.244430,  0.178883
1960,  0.284108,  0.158796,  0.441070
1961,  0.196770,  0.130542,  0.336574
1962,  0.192763,  0.144047,  0.252726
1963,  0.403051,  0.313856,  0.221298
1964,  0.282706,  0.228204,  0.192787
1965,  0.563335,  0.185280,  0.671101
1966,  0.528380,  0.490755,  0.071209
1967,  0.555368,  0.300390,  0.459116
1968,  0.410019,  0.319936,  0.219705
1969,  0.378609,  0.140640,  0.628535
1970,  0.414249,  0.106224,  0.743574
1971,  0.254499,  0.013172,  0.948243
1972,  0.211940,  0.178935,  0.155727
1973,  0.283846,  0.025170,  0.911326
1974,  0.138235,  0.099488,  0.280295
1975,  0.620905,  0.612327,  0.013815
1976,  0.609691,  0.285093,  0.532398
1977,  0.231014,  0.198171,  0.142167
1978,  0.292223,  0.231234,  0.208709
1979,  0.479703,  0.299384,  0.375897
1980,  0.440768,  0.332063,  0.246627
1981,  0.211811,  0.189167,  0.106907
1982,  0.371996,  0.316681,  0.148696
1983,  0.140004,  0.079977,  0.428752
1984,  0.499194,  0.429801,  0.139010
1985,  0.428289,  0.196309,  0.541643
1986,  0.356424,  0.283652,  0.204173
1987,  0.306797,  0.129609,  0.577541
1988,  0.703147,  0.447459,  0.363634
1989,  0.128440,  0.072670,  0.434209
1990,  0.179935,  0.084775,  0.528855
1991,  0.713728,  0.180797,  0.746686
1992,  0.728972,  0.513459,  0.295639
1993,  0.450725,  0.212187,  0.529231
1994,  0.575363,  0.381452,  0.337023
1995,  0.237349,  0.167665,  0.293592
1996,  0.706049,  0.607609,  0.139424
1997,  0.377673,  0.365216,  0.032983
1998,  0.691589,  0.593572,  0.141728
1999,  0.307692,  0.278524,  0.094795
2000,  0.036439,  0.027440,  0.246957
2001,  0.418939,  0.272510,  0.349525
2002,  0.609958,  0.497799,  0.183880
2003,  0.209277,  0.124935,  0.403017
2004,  0.063726,  0.049098,  0.229546
2005,  0.196598,  0.146759,  0.253510
2006,  0.311392,  0.244392,  0.215163
2007,  0.518297,  0.422930,  0.183999
2008,  0.498100,  0.398696,  0.199567
2009,  0.608914,  0.439296,  0.278560
2010,  0.238287,  0.139135,  0.416105
2011,  0.567708,  0.427150,  0.247589
2012,  0.763951,  0.621800,  0.186073
2013,  0.668525,  0.542438,  0.188605
2014,  0.559147,  0.466822,  0.165117
2015,  0.373965,  0.316426,  0.153861
2016,  0.422189,  0.282813,  0.330127
2017,  0.269778,  0.155622,  0.423150
2018,  0.603182,  0.413106,  0.315123
2019,  0.387652,  0.226027,  0.416934
2020,  0.306182,  0.222810,  0.272295
2021,  0.607826,  0.459957,  0.243275
2022,  0.358431,  0.295214,  0.176371
2023,  0.758466,  0.630158,  0.169169
2029,  0.422215,  0.229925,  0.455431
2033,  0.339393,  0.426555,  0.256817
2034,  0.352587,  0.218053,  0.381561
2035,  0.691817,  0.484415,  0.299793
2036,  0.283569,  0.250694,  0.115931
2037,  0.795978,  0.703238,  0.116510
2038,  0.212835,  0.201807,  0.051813
2039,  0.385284,  0.316960,  0.177333
2040,  0.168280,  0.151862,  0.097563
2041,  0.159344,  0.178110,  0.117770
2042,  0.261815,  0.165659,  0.367266
2043,  0.114179,  0.107121,  0.061823
2044,  0.445059,  0.418186,  0.060379
2045,  0.115965,  0.105775,  0.087874
2046,  0.243377,  0.300724,  0.235631
2047,  0.202072,  0.207200,  0.025375
2048,  0.155546,  0.126735,  0.185223
2049,  0.151598,  0.140615,  0.072453
2050,  0.269764,  0.248468,  0.078944
2051,  0.615298,  0.470208,  0.235805
2052,  0.177006,  0.154452,  0.127423
2053,  0.387508,  0.341143,  0.119649
2054,  0.406188,  0.395048,  0.027426
2055,  0.303776,  0.304991,  0.003999
2056,  0.636894,  0.562120,  0.117405
2057,  0.453055,  0.415659,  0.082543
2058,  0.466121,  0.409088,  0.122355
2059,  0.243074,  0.192927,  0.206303
2060,  0.682514,  0.471089,  0.309774
2061,  0.261147,  0.220831,  0.154382
2062,  0.203481,  0.183849,  0.096479
2063,  0.225081,  0.157259,  0.301319
2064,  0.271720,  0.177908,  0.345254
2065,  0.151189,  0.137082,  0.093308
2066,  0.475316,  0.476217,  0.001895
2067,  0.231993,  0.202718,  0.126189
2068,  0.553670,  0.313505,  0.433769
2069,  0.140239,  0.109035,  0.222505
2070,  0.432292,  0.352356,  0.184911
2071,  0.196850,  0.261201,  0.326904
2072,  0.301553,  0.300078,  0.004891
2073,  0.424971,  0.218781,  0.485186
2074,  0.817452,  0.476398,  0.417216
2075,  0.264213,  0.148214,  0.439037
2076,  0.534116,  0.447290,  0.162561
2077,  0.578243,  0.511331,  0.115716
2078,  0.880174,  0.591729,  0.327714
2079,  0.802209,  0.566325,  0.294043
2080,  0.170802,  0.192227,  0.125437
2081,  0.666515,  0.552429,  0.171167
2082,  0.579609,  0.429482,  0.259014
2083,  0.864513,  0.611863,  0.292246
2084,  0.674164,  0.538144,  0.201761
2085,  0.223869,  0.178532,  0.202517
2086,  0.417090,  0.267079,  0.359661
2087,  0.773657,  0.587680,  0.240386
2088,  0.370141,  0.353483,  0.045003
2089,  0.372267,  0.379599,  0.019696
2090,  0.613336,  0.503334,  0.179352
2091,  0.709139,  0.262936,  0.629218
2092,  0.240087,  0.140626,  0.414271
2093,  0.338338,  0.242667,  0.282766
2094,  0.226503,  0.213381,  0.057936
2095,  0.383069,  0.284677,  0.256851
2096,  0.264086,  0.270766,  0.025295
2097,  0.158658,  0.144537,  0.089003
2098,  0.284664,  0.208820,  0.266433
2099,  0.625164,  0.466032,  0.254545
2100,  0.636945,  0.534328,  0.161109
2101,  0.602576,  0.444994,  0.261515
2102,  0.310311,  0.289562,  0.066865
2103,  0.361413,  0.312267,  0.135983
2104,  0.645480,  0.537029,  0.168016
2105,  0.641029,  0.481608,  0.248695
2106,  0.261439,  0.345258,  0.320606
2107,  0.631732,  0.513984,  0.186389
2108,  0.696638,  0.612833,  0.120300
2109,  0.290236,  0.306951,  0.057591
2110,  0.506207,  0.353186,  0.302290
2111,  0.644232,  0.403512,  0.373653
2112,  0.480927,  0.337348,  0.298546
2113,  0.473565,  0.374419,  0.209362
2114,  0.409536,  0.354153,  0.135234
2115,  0.102850,  0.080335,  0.218909
2116,  0.682147,  0.529989,  0.223058
2117,  0.456626,  0.435297,  0.046709
2118,  0.334335,  0.266916,  0.201652
2119,  0.464282,  0.381067,  0.179234
2120,  0.155412,  0.138999,  0.105615
2121,  0.654253,  0.565565,  0.135557
2122,  0.483849,  0.455351,  0.058898
2123,  0.486797,  0.397816,  0.182788
2124,  0.537874,  0.466364,  0.132949
2125,  0.259347,  0.111155,  0.571405
2126,  0.826665,  0.656330,  0.206051
2127,  0.567011,  0.499458,  0.119138
2128,  0.590569,  0.148791,  0.748054
2129,  0.295308,  0.100126,  0.660943
2130,  0.414394,  0.305300,  0.263263
2131,  0.367682,  0.284960,  0.224982
2132,  0.689497,  0.504608,  0.268151
2133,  0.689756,  0.598603,  0.132153
2134,  0.621247,  0.524532,  0.155678
2135,  0.601083,  0.337939,  0.437783
2136,  0.397054,  0.301601,  0.240403
2137,  0.606057,  0.125101,  0.793582
2138,  0.150248,  0.121033,  0.194447
2139,  0.566769,  0.513332,  0.094285
2140,  0.328710,  0.257374,  0.217019
2141,  0.168548,  0.138884,  0.175993
2142,  0.234764,  0.203768,  0.132032
2143,  0.162168,  0.082116,  0.493640
2144,  0.084106,  0.013679,  0.837355
2145,  0.578824,  0.079574,  0.862526
2146,  0.423483,  0.303794,  0.282631
2147,  0.620801,  0.463118,  0.254000
2148,  0.341900,  0.240900,  0.295408
2149,  0.498408,  0.429439,  0.138379
2150,  0.577251,  0.462736,  0.198380
2151,  0.841210,  0.591919,  0.296348
2152,  0.223051,  0.183666,  0.176576
2153,  0.373870,  0.337403,  0.097539
2154,  0.719563,  0.543098,  0.245239
2155,  0.186514,  0.167130,  0.103931
2156,  0.108839,  0.072773,  0.331371
2157,  0.244465,  0.216368,  0.114933
2158,  0.361503,  0.307420,  0.149605
2159,  0.268535,  0.212054,  0.210331
2160,  0.263358,  0.216595,  0.177563
2161,  0.226439,  0.164220,  0.274771
2162,  0.371108,  0.297366,  0.198707
2163,  0.266309,  0.207786,  0.219754
2164,  0.389760,  0.259445,  0.334346
2165,  0.311294,  0.258498,  0.169602
2166,  0.227121,  0.207194,  0.087738
2167,  0.232309,  0.166847,  0.281791
2168,  0.168270,  0.144254,  0.142724
2169,  0.135263,  0.030271,  0.776207
2170,  0.192393,  0.119965,  0.376457
2171,  0.677177,  0.575077,  0.150774
2172,  0.497844,  0.311641,  0.374019
2173,  0.390608,  0.373217,  0.044524
2174,  0.461870,  0.286523,  0.379645
2175,  0.336946,  0.309940,  0.080149
2176,  0.100385,  0.095127,  0.052374
2177,  0.324859,  0.263537,  0.188767
2178,  0.242528,  0.206804,  0.147299
2179,  0.211186,  0.186840,  0.115280
2180,  0.570768,  0.511685,  0.103514
2181,  0.123546,  0.015426,  0.875140
2182,  0.710886,  0.639670,  0.100179
2183,  0.434215,  0.337590,  0.222528
2184,  0.400599,  0.386728,  0.034625
2185,  0.257361,  0.225719,  0.122949
2186,  0.166738,  0.163786,  0.017705
2187,  0.248465,  0.124734,  0.497983
2188,  0.200283,  0.145089,  0.275579
2189,  0.588019,  0.472026,  0.197261
2190,  0.498864,  0.298800,  0.401038
2191,  0.253485,  0.186623,  0.263770
2192,  0.214406,  0.219708,  0.024728
2193,  0.450018,  0.349273,  0.223869
2194,  0.273281,  0.341268,  0.248782
2195,  0.074787,  0.064504,  0.137503
2196,  0.305598,  0.210659,  0.310665
2197,  0.539322,  0.498142,  0.076354
2198,  0.355112,  0.255568,  0.280317
2199,  0.858023,  0.663135,  0.227136
2200,  0.736426,  0.446897,  0.393154
2201,  0.343891,  0.239094,  0.304739
2202,  0.318737,  0.254614,  0.201180
2203,  0.726930,  0.544783,  0.250569
2204,  0.818216,  0.672095,  0.178586
2205,  0.741676,  0.645823,  0.129238
2206,  0.283921,  0.288161,  0.014934
2207,  0.359770,  0.311381,  0.134501
2208,  0.857010,  0.703701,  0.178888
2209,  0.242161,  0.218198,  0.098956
2210,  0.714116,  0.620739,  0.130759
2211,  0.316977,  0.285008,  0.100855
2212,  0.502650,  0.420839,  0.162759
2213,  0.674304,  0.595044,  0.117543
2214,  0.766845,  0.503415,  0.343524
2215,  0.663713,  0.579005,  0.127626
2216,  0.142567,  0.140656,  0.013403
2217,  0.574236,  0.531320,  0.074736
2218,  0.309215,  0.257607,  0.166900
2219,  0.328098,  0.194797,  0.406284
2220,  0.327369,  0.182176,  0.443516
2221,  0.545745,  0.339930,  0.377127
2222,  0.459444,  0.228892,  0.501807
2223,  0.705753,  0.459880,  0.348383
2224,  0.126884,  0.101387,  0.200945
2225,  0.422336,  0.348706,  0.174340
2226,  0.355951,  0.351407,  0.012768
2227,  0.399619,  0.238445,  0.403318
2228,  0.277221,  0.298487,  0.076710
2229,  0.328902,  0.295969,  0.100131
2230,  0.294562,  0.345395,  0.172570
2231,  0.598482,  0.445580,  0.255483
2232,  0.589129,  0.536012,  0.090161
2233,  0.358309,  0.423040,  0.180657
2234,  0.656484,  0.581235,  0.114624
2235,  0.113591,  0.136511,  0.201777
2236,  0.506809,  0.483058,  0.046863
2237,  0.512715,  0.446311,  0.129515
2238,  0.830465,  0.708760,  0.146550
2239,  0.272639,  0.247420,  0.092500
2240,  0.210041,  0.211052,  0.004813
2241,  0.444954,  0.414476,  0.068497
2242,  0.499482,  0.487369,  0.024251
2243,  0.731663,  0.659482,  0.098653
2244,  0.204689,  0.180524,  0.118058
2245,  0.298053,  0.273183,  0.083444
2246,  0.099863,  0.090842,  0.090331
2247,  0.770497,  0.652460,  0.153196
2248,  0.602843,  0.529507,  0.121650
2249,  0.772230,  0.677082,  0.123212
2250,  0.545816,  0.483614,  0.113962
2251,  0.476076,  0.396909,  0.166289
2252,  0.364780,  0.366918,  0.005862
2253,  0.662705,  0.558579,  0.157123
2254,  0.444179,  0.397907,  0.104174
2255,  0.346671,  0.245316,  0.292368
2256,  0.524131,  0.446837,  0.147470
2257,  0.450544,  0.413586,  0.082031
2258,  0.730048,  0.585412,  0.198118
2259,  0.134362,  0.173695,  0.292739
2260,  0.552800,  0.393111,  0.288872
2261,  0.556273,  0.465601,  0.163000
2262,  0.709112,  0.541144,  0.236871
2263,  0.682850,  0.701873,  0.027859
2264,  0.443869,  0.345294,  0.222082
2265,  0.281824,  0.270074,  0.041694
2266,  0.299591,  0.239710,  0.199874
2267,  0.321677,  0.258281,  0.197078
2268,  0.599600,  0.509109,  0.150920
2269,  0.606902,  0.410854,  0.323031
2270,  0.156281,  0.135272,  0.134432
2271,  0.062101,  0.094327,  0.518925
2272,  0.186575,  0.254896,  0.366186
2273,  0.440804,  0.352196,  0.201015
2274,  0.355513,  0.306169,  0.138798
2275,  0.326703,  0.292197,  0.105621
2276,  0.340032,  0.297131,  0.126168
2277,  0.639037,  0.396195,  0.380012
2278,  0.353846,  0.298193,  0.157279
2279,  0.189686,  0.157752,  0.168352
2280,  0.454226,  0.371659,  0.181774
2281,  0.222172,  0.185858,  0.163450
2282,  0.557980,  0.510567,  0.084973
2283,  0.758847,  0.690484,  0.090087
2284,  0.190708,  0.151926,  0.203357
2285,  0.833386,  0.690643,  0.171281
2286,  0.247724,  0.217637,  0.121456
2287,  0.542954,  0.439405,  0.190714
2288,  0.112012,  0.080044,  0.285400
2289,  0.775975,  0.580437,  0.251990
2290,  0.579301,  0.527686,  0.089099
2291,  0.371630,  0.305231,  0.178670
2292,  0.881722,  0.779103,  0.116385
2293,  0.215795,  0.208167,  0.035348
2294,  0.765685,  0.692073,  0.096139
2295,  0.571850,  0.649971,  0.136611
2296,  0.630336,  0.558277,  0.114319
2297,  0.833725,  0.762082,  0.085931
2298,  0.335900,  0.282819,  0.158028
2299,  0.718523,  0.643470,  0.104456
2300,  0.548340,  0.364871,  0.334590
2301,  0.673564,  0.618978,  0.081039
2302,  0.699621,  0.624604,  0.107226
2303,  0.595831,  0.376238,  0.368549
2304,  0.274460,  0.244483,  0.109222
2305,  0.358356,  0.339188,  0.053489
2306,  0.422030,  0.327475,  0.224049
2307,  0.274504,  0.228827,  0.166399
2308,  0.512551,  0.404830,  0.210165
2309,  0.483696,  0.428472,  0.114170
2310,  0.686967,  0.627494,  0.086574
2311,  0.306307,  0.257020,  0.160907
2312,  0.315302,  0.276448,  0.123228
2313,  0.257165,  0.205839,  0.199584
2314,  0.681989,  0.493195,  0.276828
2315,  0.216993,  0.155367,  0.284000
2316,  0.337634,  0.331148,  0.019209
2317,  0.134774,  0.083002,  0.384137
2318,  0.147640,  0.108977,  0.261873
2319,  0.669690,  0.529709,  0.209023
2320,  0.672668,  0.613477,  0.087995
2321,  0.836070,  0.706851,  0.154555
2322,  0.566400,  0.280517,  0.504737
2323,  0.689384,  0.478157,  0.306400
2324,  0.414311,  0.346937,  0.162617
2325,  0.450741,  0.227749,  0.494723
2326,  0.267938,  0.211101,  0.212128
2327,  0.328466,  0.328040,  0.001298
2328,  0.439089,  0.361053,  0.177722
2329,  0.586596,  0.447603,  0.236949
2330,  0.553952,  0.499537,  0.098229
2331,  0.315834,  0.302560,  0.042029
2332,  0.314750,  0.269683,  0.143182
2333,  0.688091,  0.578652,  0.159047
2334,  0.237366,  0.209509,  0.117361
2335,  0.311140,  0.257716,  0.171705
2336,  0.220280,  0.239502,  0.087257
2337,  0.672916,  0.582703,  0.134063
2338,  0.489527,  0.425172,  0.131464
2339,  0.608373,  0.456685,  0.249334
2340,  0.564706,  0.528589,  0.063957
2341,  0.167406,  0.177474,  0.060142
2342,  0.202719,  0.198758,  0.019541
2343,  0.189383,  0.194171,  0.025282
2344,  0.266352,  0.276320,  0.037425
2345,  0.189090,  0.176078,  0.068814
2346,  0.177229,  0.178097,  0.004901
2347,  0.055854,  0.082948,  0.485077
2348,  0.232585,  0.235559,  0.012786
2349,  0.356507,  0.331865,  0.069122
2350,  0.064759,  0.059264,  0.084860
2351,  0.510705,  0.491704,  0.037205
2352,  0.339447,  0.281731,  0.170029
2353,  0.395619,  0.387125,  0.021470
2354,  0.559268,  0.429613,  0.231830
2355,  0.270256,  0.240682,  0.109430
2356,  0.253600,  0.238850,  0.058163
2357,  0.181140,  0.124550,  0.312409
2358,  0.563732,  0.402870,  0.285352
2359,  0.618738,  0.530177,  0.143132
2360,  0.236480,  0.182638,  0.227681
2361,  0.227509,  0.209697,  0.078295
2362,  0.438202,  0.371908,  0.151288
2363,  0.498341,  0.438730,  0.119620
2364,  0.245426,  0.278505,  0.134782
2365,  0.379968,  0.384621,  0.012245
2366,  0.815297,  0.727197,  0.108059
2367,  0.291460,  0.251976,  0.135468
2368,  0.268655,  0.227657,  0.152605
2369,  0.287208,  0.231902,  0.192566
2370,  0.542882,  0.482736,  0.110789
2371,  0.324992,  0.214488,  0.340022
2372,  0.603621,  0.509189,  0.156442
2373,  0.360208,  0.194947,  0.458794
2374,  0.236968,  0.254948,  0.075873
2375,  0.427904,  0.386557,  0.096627
2376,  0.478030,  0.474225,  0.007962
2377,  0.593328,  0.538675,  0.092112
2378,  0.456058,  0.458159,  0.004607
2379,  0.322337,  0.252661,  0.216156
2380,  0.553889,  0.538692,  0.027437
2381,  0.352891,  0.307191,  0.129502
2382,  0.270339,  0.231084,  0.145205
2383,  0.327493,  0.281815,  0.139476
2384,  0.318885,  0.279148,  0.124613
2385,  0.656739,  0.570973,  0.130594
2386,  0.457091,  0.421510,  0.077842
2387,  0.676385,  0.579252,  0.143607
2388,  0.211734,  0.189599,  0.104539
2389,  0.680330,  0.506758,  0.255129
2390,  0.489473,  0.545063,  0.113570
2391,  0.309571,  0.234913,  0.241164
2392,  0.311258,  0.236493,  0.240203
2393,  0.582894,  0.545119,  0.064805
2394,  0.564204,  0.549035,  0.026885
2395,  0.598607,  0.574017,  0.041080
2396,  0.326887,  0.314468,  0.037993
2397,  0.346033,  0.329378,  0.048130
2398,  0.386800,  0.353812,  0.085286
2399,  0.297786,  0.280598,  0.057718
2400,  0.358432,  0.334500,  0.066770
2401,  0.725687,  0.587671,  0.190188
2402,  0.258965,  0.178439,  0.310954
2403,  0.140404,  0.059706,  0.574759
2404,  0.217264,  0.123047,  0.433654
2405,  0.326096,  0.268330,  0.177143
2406,  0.136959,  0.089776,  0.344508
2407,  0.567821,  0.486530,  0.143163
2408,  0.516949,  0.370893,  0.282535
2409,  0.576647,  0.482240,  0.163717
2410,  0.293497,  0.148186,  0.495103
2411,  0.734013,  0.334290,  0.544572
2412,  0.723763,  0.530181,  0.267466
2413,  0.373621,  0.153487,  0.589190
2414,  0.453319,  0.262727,  0.420436
2415,  0.589040,  0.520960,  0.115578
2416,  0.253882,  0.219874,  0.133953
2417,  0.485604,  0.377604,  0.222402
2418,  0.166644,  0.111755,  0.329378
2419,  0.794148,  0.593183,  0.253057
2420,  0.194422,  0.094648,  0.513184
2421,  0.665255,  0.372933,  0.439414
2422,  0.529804,  0.112426,  0.787797
2423,  0.771637,  0.647049,  0.161459
2424,  0.487180,  0.382370,  0.215136
2425,  0.624204,  0.282372,  0.547629
2426,  0.707198,  0.393234,  0.443955
2427,  0.550793,  0.468858,  0.148759
2428,  0.704434,  0.575783,  0.182631
2429,  0.660282,  0.430877,  0.347434
2430,  0.398084,  0.256197,  0.356427
2431,  0.594059,  0.441450,  0.256892
2432,  0.227383,  0.241451,  0.061869
2433,  0.289988,  0.217165,  0.251123
2434,  0.330788,  0.248042,  0.250149
2435,  0.258382,  0.214545,  0.169661
2436,  0.565372,  0.478332,  0.153953
2437,  0.396645,  0.337543,  0.149004
2438,  0.223703,  0.174396,  0.220411
2439,  0.137651,  0.085067,  0.382014
2440,  0.388954,  0.347274,  0.107158
2441,  0.232868,  0.131946,  0.433385
2442,  0.602211,  0.297941,  0.505255
2443,  0.750184,  0.644967,  0.140254
2444,  0.772305,  0.599060,  0.224322
2445,  0.221598,  0.172860,  0.219939
2446,  0.763105,  0.487221,  0.361529
2447,  0.328573,  0.232229,  0.293220
2448,  0.113457,  0.099123,  0.126335
2449,  0.381256,  0.313690,  0.177219
2450,  0.681470,  0.532851,  0.218086
2451,  0.262051,  0.219790,  0.161270
2452,  0.585748,  0.496422,  0.152498
2453,  0.288758,  0.259254,  0.102176
2454,  0.318845,  0.372386,  0.167923
2455,  0.291437,  0.117862,  0.595583
2456,  0.116404,  0.102000,  0.123743
2457,  0.434496,  0.166623,  0.616513
2458,  0.733015,  0.339059,  0.537446
2459,  0.839337,  0.684368,  0.184633
2460,  0.695076,  0.517013,  0.256178
2461,  0.353619,  0.191504,  0.458444
2462,  0.612585,  0.447519,  0.269459
2463,  0.279804,  0.199236,  0.287943
2464,  0.369541,  0.147094,  0.601957
2465,  0.705568,  0.274218,  0.611351
2466,  0.238561,  0.253522,  0.062713
2467,  0.671957,  0.410200,  0.389545
2468,  0.376154,  0.216447,  0.424579
2469,  0.679997,  0.500103,  0.264552
2470,  0.103818,  0.069168,  0.333758
2471,  0.291468,  0.124539,  0.572719
2472,  0.407779,  0.176671,  0.566747
2473,  0.220563,  0.184361,  0.164133
