Id,PathRow,Name,Code_uniq,ref_Area,e_mndwi_Area,year,month,path,row
305401,139036,None,1001,0.12329,0.043809,2001,9,139,36
304403,140035,勒斜武担湖,1002,0.435467,0.105479,1999,8,140,35
304001,139035,太阳湖-东侧,1003,0.344941,0.076159,2000,10,139,35
304301,139035,库水浣,1004,0.152777,-0.067016,2000,10,139,35
304404,139035,勒斜武担湖,1005,0.625066,0.049682,2000,10,139,35
304405,139035,勒斜武担湖,1006,0.166263,0.003482,2000,10,139,35
308205,140036,多格错仁,1007,0.135403,-0.152693,1999,8,140,36
308204,140036,多格错仁,1008,0.073969,-0.598564,1999,8,140,36
308203,140036,多格错仁,1009,0.03977,-0.717182,1999,8,140,36
312401,139036,49桌子山西北侧1,1010,0.445485,0.006189,2001,9,139,36
311006,139036,明镜湖,1011,0.160799,0.012555,2001,9,139,36
311201,139036,乌兰乌拉湖-北侧1,1012,0.217619,-0.018444,2001,9,139,36
312508,139036,乌兰乌拉湖,1013,0.143557,-0.031949,2001,9,139,36
312507,139036,乌兰乌拉湖,1014,0.089958,0.119908,2001,9,139,36
311005,139036,明镜湖,1015,0.146812,0.014154,2001,9,139,36
310313,139036,金西乌兰湖,1016,0.07374,0.024855,2001,9,139,36
310312,139036,金西乌兰湖,1017,0.065698,-0.233176,2001,9,139,36
312511,139036,乌兰乌拉湖,1018,0.269323,0.022026,2001,9,139,36
310302,139036,金西乌兰湖,1019,0.236274,0.044839,2001,9,139,36
310308,139036,金西乌兰湖,1020,0.046718,-0.07613,2001,9,139,36
310304,139036,金西乌兰湖,1021,0.007427,-0.091899,2001,9,139,36
310316,139036,金西乌兰湖,1022,0.063005,0.099296,2001,9,139,36
310317,139036,金西乌兰湖,1023,0.017344,1.670859,2001,9,139,36
310310,139036,金西乌兰湖,1024,0.05566,-0.07067,2001,9,139,36
310311,139036,金西乌兰湖,1025,0.174489,0.031105,2001,9,139,36
310301,139036,金西乌兰湖,1026,0.053451,0.127159,2001,9,139,36
312501,139036,乌兰乌拉湖,1027,0.04515,0.075625,2001,9,139,36
312502,139036,乌兰乌拉湖,1028,0.148305,-0.029732,2001,9,139,36
312504,139036,乌兰乌拉湖,1029,0.070101,0.02018,2001,9,139,36
312505,139036,乌兰乌拉湖,1030,0.011288,-0.083577,2001,9,139,36
312506,139036,乌兰乌拉湖,1031,0.009636,0.307014,2001,9,139,36
312503,139036,乌兰乌拉湖,1032,0.008356,0.02285,2001,9,139,36
318511,139037,赤布张湖,1033,0.66121,-0.006457,2000,10,139,37
318503,139037,赤布张湖,1034,0.325451,0.321304,2000,10,139,37
318508,139037,赤布张湖,1035,0.326765,0.019367,2000,10,139,37
318512,139037,赤布张湖,1036,0.119981,-0.157063,2000,10,139,37
318513,139037,赤布张湖,1037,0.280771,-0.018618,2000,10,139,37
318506,139037,赤布张湖,1038,0.089656,0.037625,2000,10,139,37
318514,139037,赤布张湖,1039,0.166171,0.24097,2000,10,139,37
318505,139037,赤布张湖,1040,0.098631,-0.143566,2000,10,139,37
318507,139037,赤布张湖,1041,0.080196,0.227328,2000,10,139,37
323920,139038,格巴给下错,1042,0.249224,0.151829,1999,9,139,38
319501,139037,气相错,1043,0.11489,0.146182,2000,10,139,37
325003,139038,亚土错,1044,0.075295,0.256701,1999,9,139,38
325002,139038,亚土错,1045,0.116792,0.07575,1999,9,139,38
325001,139038,亚土错,1046,0.076491,0.125748,1999,9,139,38
324806,139038,徐果错,1047,0.121528,0.157428,1999,9,139,38
323918,139038,色林错,1048,0.206863,0.119895,1999,9,139,38
323919,139038,科勒琼东侧,1049,0.134114,0.083674,1999,9,139,38
325601,139038,甲公尔错,1050,0.338771,0.342005,1999,9,139,38
326201,139039,甲日果错8-45-35,1051,0.201758,0.132485,2000,11,139,39
325805,139039,仁错贡玛,1052,0.471259,-0.001108,2000,11,139,39
301303,140035,四脚湖,1053,0.185355,0.03687,1999,8,140,35
301602,140035,荷花湖-东北侧,1054,0.233791,0.129817,1999,8,140,35
304204,140035,白云湖,1055,0.232375,0.093832,1999,8,140,35
303701,140036,多格错仁强错,1056,0.651994,0.043937,1999,8,140,36
308202,140036,多格错仁,1057,0.095379,0.18399,1999,8,140,36
316101,140037,None,1058,0.253356,0.039718,1999,8,140,37
316201,140037,肖茶卡,1059,0.22332,-0.001896,1999,8,140,37
316202,140037,肖茶卡,1060,0.185594,0.040865,1999,8,140,37
320001,140038,脑日错西南侧1,1061,0.144603,0.697023,2000,10,140,38
319908,140038,脑日错西南侧,1062,0.04524,0.642234,2000,10,140,38
320304,140038,甲日阿普错,1063,0.13411,0.077814,2000,10,140,38
320302,140038,甲日阿普错,1064,0.080047,0.260117,2000,10,140,38
3001,140033,霄克里沼泽,1065,0.991896,0.04353,2001,10,140,33
3002,140033,乌尊硝,1066,1.3178,1.48694,2001,10,140,33
3003,139034,尕斯库勒湖,1067,120.060288,0.13568,2000,11,139,34
3004,140034,阿雅格库木库里,1068,637.911944,0.016639,2001,10,140,34
3005,139034,土房子西侧&阿达滩,1069,20.262402,0.036754,2000,11,139,34
3006,139034,蜘蛛坑东北侧咸,1070,5.987957,-0.380146,2000,11,139,34
3007,139034,库穆库里,1071,22.594271,0.014291,2000,11,139,34
3008,139034,None,1072,1.328956,0.94462,2000,11,139,34
3009,139034,克其克库木库勒,1073,18.105459,0.047405,2000,11,139,34
3011,140035,贝力克.坷勒,1074,4.277453,0.018656,1999,8,140,35
301201,140035,鲸鱼湖,1075,251.007357,0.006558,1999,8,140,35
301301,140035,四脚湖,1076,1.287223,-0.151737,1999,8,140,35
3014,140035,怀岛湖,1077,1.334681,0.041609,1999,8,140,35
301502,140035,荷花湖,1078,11.885415,-0.058093,1999,8,140,35
3019,140035,桃湖-西侧,1079,6.663379,-0.040739,1999,8,140,35
3018,140035,荷花湖-东北侧,1080,1.409268,0.123936,1999,8,140,35
301501,140035,荷花湖,1081,6.020108,0.025775,1999,8,140,35
301601,140035,荷花湖-东北侧,1082,1.5348,0.061644,1999,8,140,35
3017,140035,荷花湖-东北侧,1083,0.559818,0.134961,1999,8,140,35
3020,140035,长风湖,1084,1.18275,-0.223822,1999,8,140,35
3021,140035,桃湖,1085,18.862974,0.015449,1999,8,140,35
302302,140035,围山湖-西侧,1086,1.42778,-0.798619,1999,8,140,35
302301,140035,围山湖-西侧,1087,0.205408,-0.699888,1999,8,140,35
3022,140035,牛头湖,1088,1.455424,-0.427418,1999,8,140,35
302401,140035,围山湖,1089,16.745094,0.05088,1999,8,140,35
302403,140035,围山湖,1090,8.502924,0.009395,1999,8,140,35
302402,140035,围山湖,1091,3.618147,0.013234,1999,8,140,35
3025,140035,向阳湖,1092,87.839815,0.008019,1999,8,140,35
302601,140035,连心湖,1093,0.594045,0.035955,1999,8,140,35
302602,140035,连心湖,1094,0.304876,0.316583,1999,8,140,35
3027,140035,卫疆湖,1095,1.31656,0.018217,1999,8,140,35
302801,140035,None,1096,0.188369,0.032332,1999,8,140,35
302802,140035,None,1097,0.140424,0.109132,1999,8,140,35
302803,140035,None,1098,0.128475,0.145717,1999,8,140,35
302804,140035,None,1099,0.111516,0.210961,1999,8,140,35
302805,140035,None,1100,0.024617,-0.067405,1999,8,140,35
3029,140035,兴隆湖-西侧,1101,0.793567,0.060031,1999,8,140,35
3031,140035,芦花湖-西侧咸,1102,2.272775,0.006794,1999,8,140,35
3030,140035,兴隆湖,1103,0.893409,0.076979,1999,8,140,35
303301,140036,映月湖,1104,1.628467,0.024483,1999,8,140,36
303203,140035,映月湖-北西侧,1105,0.602489,-0.014648,1999,8,140,35
303201,140035,映月湖-北西侧,1106,0.096501,-0.095168,1999,8,140,35
303202,140035,映月湖-北西侧,1107,0.139446,0.048988,1999,8,140,35
3037,140036,多格错仁强错,1108,207.964001,0.044264,1999,8,140,36
303601,139036,马鞍湖,1109,3.479068,0.764435,2001,9,139,36
303602,140036,马鞍湖,1110,1.737159,0.173262,1999,8,140,36
303603,139036,马鞍湖,1111,1.199479,0.278611,2001,9,139,36
3035,140036,黑熊山东侧,1112,1.567114,0.045189,1999,8,140,36
3034,140035,连水湖,1113,7.283546,0.097525,1999,8,140,35
3044,140035,勒斜武担湖,1114,223.046893,0.009807,1999,8,140,35
304401,139035,勒斜武担湖,1115,1.371533,0.141389,2000,10,139,35
304201,140035,白云湖,1116,3.290106,0.003352,1999,8,140,35
3307,139035,库水浣,1117,0.909102,-0.058788,2000,10,139,35
3043,140035,库水浣,1118,33.240609,0.003193,1999,8,140,35
3039,139035,伯拉克拉克里,1119,25.894574,-0.009538,2000,10,139,35
3038,139035,伯拉克拉克里-东侧,1120,2.695895,-0.075364,2000,10,139,35
3041,139035,太阳湖,1121,100.980882,0.001329,2000,10,139,35
3040,139035,太阳湖-东侧,1122,6.993901,0.106839,2000,10,139,35
305103,139035,可可西里湖-东北,1123,3.428498,0.112651,2000,10,139,35
305102,139035,可可西里湖-东北,1124,2.525653,0.061257,2000,10,139,35
304704,139035,涟湖,1125,1.680499,0.056976,2000,10,139,35
304901,139035,月亮湖,1126,1.310243,-0.068492,2000,10,139,35
304902,139035,月亮湖,1127,20.637994,0.026284,2000,10,139,35
3055,139035,饮马湖,1128,104.756478,0.021945,2000,10,139,35
3050,139035,可可西里湖,1129,302.617803,0.010973,2000,10,139,35
305101,139035,可可西里湖-东北,1130,50.320039,0.012926,2000,10,139,35
304701,139035,涟湖,1131,14.611012,0.107506,2000,10,139,35
3053,139035,高台湖,1132,10.403119,0.009512,2000,10,139,35
3045,139035,涟湖-西侧1,1133,5.349415,0.022931,2000,10,139,35
3046,139035,涟湖-西侧2,1134,0.931174,0.012505,2000,10,139,35
3048,139035,涟湖-南侧,1135,2.009704,0.042849,2000,10,139,35
304703,139035,涟湖,1136,4.924272,0.105272,2000,10,139,35
304702,139035,涟湖,1137,1.864665,0.131385,2000,10,139,35
3054,139036,移山湖,1138,18.851711,0.029453,2001,9,139,36
3052,139035,None,1139,0.823487,-0.008921,2000,10,139,35
3063,140036,长湖,1140,0.569149,0.006776,1999,8,140,36
3060,140036,长湖1-北侧咸1,1141,0.928865,0.115031,1999,8,140,36
3062,140036,长湖1-北侧咸3_,1142,0.724303,-0.054205,1999,8,140,36
3061,140036,长湖1-北侧2,1143,0.074899,2.966275,1999,8,140,36
3058,140036,玉盘湖,1144,15.225963,0.017481,1999,8,140,36
3059,140036,泉湖,1145,0.549435,0.033128,1999,8,140,36
3057,140036,冬布勒上东侧,1146,3.086152,0.004537,1999,8,140,36
3056,140036,长颈湖,1147,3.498842,0.015047,1999,8,140,36
305601,140036,长颈湖,1148,0.650904,0.089307,1999,8,140,36
306801,140036,园湖,1149,2.772551,0.215599,1999,8,140,36
306802,140036,园湖,1150,7.69785,0.103321,1999,8,140,36
3065,140036,地瓜湖,1151,1.75449,-0.00227,1999,8,140,36
3064,140036,月形湖,1152,1.013345,0.068251,1999,8,140,36
3066,140036,None,1153,0.947717,-0.00938,1999,8,140,36
3069,140036,三角湖-西北,1154,1.932357,0.190892,1999,8,140,36
3070,140036,三角湖,1155,1.680696,0.173353,1999,8,140,36
3067,140036,永波湖,1156,35.528561,0.040166,1999,8,140,36
3080,140036,双湖,1157,1.195545,0.190173,1999,8,140,36
3071,140036,恒梁湖,1158,16.976939,0.024087,1999,8,140,36
3072,140036,中岛湖-北侧咸,1159,1.079212,0.026592,1999,8,140,36
3073,140036,中岛湖,1160,2.524774,0.141277,1999,8,140,36
3082,140036,多格错仁,1161,274.496913,0.008498,1999,8,140,36
308209,140036,多格错仁,1162,2.187343,0.037714,1999,8,140,36
308208,140036,多格错仁,1163,4.022383,0.045398,1999,8,140,36
308210,140036,多格错仁,1164,73.807345,0.030852,1999,8,140,36
3076,140036,多格错仁-北侧咸,1165,1.766903,0.063682,1999,8,140,36
3079,140036,长湖,1166,40.924626,0.010967,1999,8,140,36
307102,140036,恒梁湖,1167,0.137353,0.00247,1999,8,140,36
307101,140036,恒梁湖,1168,0.722674,0.039182,1999,8,140,36
307104,140036,恒梁湖,1169,0.026777,-0.025356,1999,8,140,36
307103,140036,恒梁湖,1170,0.025878,0.147603,1999,8,140,36
3077,140036,盐碱湖,1171,3.204806,-0.235899,1999,8,140,36
307701,140036,盐碱湖,1172,2.542102,-0.348778,1999,8,140,36
307703,140036,盐碱湖,1173,0.126326,-0.333916,1999,8,140,36
307704,140036,盐碱湖,1174,0.127061,-0.504203,1999,8,140,36
307706,140036,盐碱湖,1175,0.288639,-0.533859,1999,8,140,36
307702,140036,盐碱湖,1176,0.850073,-0.477552,1999,8,140,36
3078,140036,双泉湖,1177,1.911222,0.010438,1999,8,140,36
3074,140036,None,1178,0.699005,0.039128,1999,8,140,36
307502,140036,多格错仁-北侧咸1,1179,0.117175,0.263752,1999,8,140,36
307501,140036,多格错,1180,0.497742,0.150242,1999,8,140,36
3081,140036,None,1181,1.037115,-0.334082,1999,8,140,36
308201,140036,多格错仁-南1,1182,26.669017,-0.800581,1999,8,140,36
308206,140036,多格错仁-南3_,1183,2.875719,-0.481588,1999,8,140,36
308212,140036,多格错仁-北侧,1184,2.789069,-0.074499,1999,8,140,36
308214,140036,多格错仁,1185,1.717896,-0.783095,1999,8,140,36
30821,140036,None,1186,11.554148,-0.666649,1999,8,140,36
308401,140036,友谊湖-西侧,1187,2.741986,0.008666,1999,8,140,36
308402,140036,友谊湖-东侧,1188,1.154297,0.02858,1999,8,140,36
308602,140036,茱阳湖,1189,1.230249,0.041401,1999,8,140,36
308601,140036,汾兴湖,1190,1.296128,0.080871,1999,8,140,36
3085,140036,万安湖,1191,11.89479,0.014601,1999,8,140,36
3087,140036,玉瓶湖,1192,4.182851,0.019398,1999,8,140,36
3088,140036,半岛湖,1193,31.784276,0.027538,1999,8,140,36
308801,140036,半岛湖,1194,1.082949,0.057063,1999,8,140,36
308301,140036,白滩湖,1195,4.973657,0.022322,1999,8,140,36
308302,140036,白滩湖,1196,5.966759,0.047997,1999,8,140,36
3089,140036,葫芦湖,1197,1.754615,0.013615,1999,8,140,36
308808,140036,半岛湖,1198,0.044421,-0.361549,1999,8,140,36
308809,140036,半岛湖,1199,0.053427,0.188046,1999,8,140,36
308802,140036,半岛湖,1200,0.16534,-0.030723,1999,8,140,36
308804,140036,半岛湖,1201,0.156615,0.166947,1999,8,140,36
308805,140036,半岛湖,1202,0.141123,0.004787,1999,8,140,36
308806,140036,半岛湖,1203,0.058961,0.488796,1999,8,140,36
308807,140036,半岛湖,1204,0.022066,0.264832,1999,8,140,36
3315,140036,梁西湖,1205,0.459549,0.186254,1999,8,140,36
3094,140036,洋姜湖,1206,4.694918,0.003433,1999,8,140,36
3095,140036,洋姜湖-南侧,1207,1.512609,0.0533,1999,8,140,36
3090,140036,多格错仁-南2,1208,3.011058,0.060068,1999,8,140,36
3091,140036,东月湖-北侧,1209,1.701882,0.12856,1999,8,140,36
3096,140036,太平湖-西北侧_,1210,3.08869,0.119853,1999,8,140,36
309202,140036,东月湖,1211,0.181141,0.881078,1999,8,140,36
3092,140036,东月湖,1212,20.559853,0.002951,1999,8,140,36
309301,140036,东月湖-南侧,1213,0.311926,0.123754,1999,8,140,36
309302,140036,东月湖-南侧,1214,0.03974,0.188898,1999,8,140,36
3097,138036,0,1215,3.073493,0.148149,2001,10,138,36
3099,139036,宰日子东南1,1216,1.926975,0.116735,2001,9,139,36
3098,139036,宰日子-南侧1咸,1217,13.173099,0.027013,2001,9,139,36
3108,139036,明镜湖-西侧2,1218,1.789741,-0.010696,2001,9,139,36
3104,139036,节约湖,1219,17.545745,-0.0001,2001,9,139,36
3101,139036,金西乌兰湖,1220,2.887566,0.024158,2001,9,139,36
311003,139036,明镜湖,1221,2.295899,0.103335,2001,9,139,36
311001,139036,明镜湖,1222,75.98531,0.008553,2001,9,139,36
311002,139036,明镜湖,1223,3.07375,0.035115,2001,9,139,36
310302,139036,金西乌兰湖,1224,55.9837,0.012788,2001,9,139,36
3100,139036,永红湖,1225,71.450731,0.017713,2001,9,139,36
3102,139036,湾湖,1226,1.983954,0.070593,2001,9,139,36
310303,139036,金西乌兰湖,1227,3.47314,0.091288,2001,9,139,36
3103,139036,金西乌兰湖,1228,287.015168,0.004565,2001,9,139,36
310901,139036,明镜湖-南侧2,1229,0.422482,-0.011879,2001,9,139,36
310902,139036,明镜湖-南侧2,1230,0.571726,0.000862,2001,9,139,36
311004,139036,明镜湖,1231,0.5028,0.013499,2001,9,139,36
310601,139036,None,1232,0.033927,-0.217958,2001,9,139,36
310602,139036,明镜湖-西侧3,1233,0.729483,-0.009325,2001,9,139,36
310603,139036,None,1234,0.048823,-0.051268,2001,9,139,36
310604,139036,None,1235,0.059697,0.220392,2001,9,139,36
3107,139036,明镜湖-西侧4,1236,0.833969,0.054777,2001,9,139,36
310503,139036,节约湖-东侧,1237,0.403763,-0.039939,2001,9,139,36
310502,139036,节约湖-东侧,1238,0.083847,-0.174034,2001,9,139,36
310501,139036,节约湖-东侧,1239,0.423812,-0.038661,2001,9,139,36
310304,139036,金西乌兰湖,1240,0.372177,0.071654,2001,9,139,36
310305,139036,金西乌兰湖,1241,0.422022,0.11984,2001,9,139,36
3117,139036,乌兰乌拉湖-西侧1,1242,2.924066,0.008579,2001,9,139,36
3120,139036,None,1243,1.000486,0.034032,2001,9,139,36
3123,139036,桌子山西北侧1,1244,2.43732,-0.037378,2001,9,139,36
312402,139036,桌子山西北侧2,1245,1.098535,0.000672,2001,9,139,36
3112,139036,乌兰乌拉湖-北侧1,1246,4.165944,0.018599,2001,9,139,36
3113,139036,乌兰乌拉湖-北侧4,1247,0.955889,-0.076349,2001,9,139,36
3114,139036,乌兰乌拉湖-北侧3,1248,1.098381,-0.042616,2001,9,139,36
3116,139036,八一湖-东南咸,1249,3.673165,-0.021341,2001,9,139,36
3115,139036,八一湖,1250,4.157721,0.01482,2001,9,139,36
3125,139036,乌兰乌拉湖,1251,402.08673,0.009245,2001,9,139,36
312502,139036,乌兰乌拉湖,1252,122.585351,0.015591,2001,9,139,36
3111,139036,None,1253,0.748306,-0.017491,2001,9,139,36
3118,139036,乌兰乌拉湖-西侧3,1254,0.654273,-0.003716,2001,9,139,36
311901,139036,乌兰乌拉湖-西侧4,1255,0.838719,0.005621,2001,9,139,36
311902,139036,乌兰乌拉湖-西侧4,1256,0.268668,0.020801,2001,9,139,36
312201,139036,None,1257,0.008885,0.062797,2001,9,139,36
312204,139036,None,1258,0.009942,0.22116,2001,9,139,36
312205,139036,None,1259,0.02671,-0.107755,2001,9,139,36
312203,139036,None,1260,0.691383,-0.001026,2001,9,139,36
312202,139036,None,1261,0.261669,-0.090932,2001,9,139,36
3121,139036,None,1262,0.699521,-0.019761,2001,9,139,36
3136,139036,葫芦湖-北侧1,1263,0.90063,-0.017676,2001,9,139,36
3130,139036,羊皮湖,1264,1.361409,0.015676,2001,9,139,36
3133,138036,弹头湖-东南1,1265,1.373296,0.216775,2001,10,138,36
313401,139036,弹头湖-南侧1,1266,3.583621,0.028409,2001,9,139,36
3137,139036,葫芦湖-东侧1,1267,7.172379,0.004406,2001,9,139,36
3138,139036,葫芦湖,1268,30.150262,0.020939,2001,9,139,36
313901,139036,葫芦湖-西侧1,1269,1.339736,0.037497,2001,9,139,36
313501,138036,None,1270,15.991062,0.021636,2001,10,138,36
3132,139036,弹头湖,1271,0.894941,0.012594,2001,9,139,36
313101,138036,0,1272,0.661356,-0.040664,2001,10,138,36
313102,139036,羊皮湖,1273,0.18633,0.047115,2001,9,139,36
3126,139036,星星湖滩1,1274,0.338687,0.26987,2001,9,139,36
3128,139036,星星湖滩5,1275,0.834778,0.034692,2001,9,139,36
313902,139036,葫芦湖-西侧1,1276,0.3569,0.212069,2001,9,139,36
313502,139036,None,1277,0.036497,0.09749,2001,9,139,36
313503,139036,None,1278,0.081577,0.09117,2001,9,139,36
313504,139036,None,1279,0.027038,-0.035805,2001,9,139,36
313505,139036,None,1280,0.024065,0.469377,2001,9,139,36
313506,139036,None,1281,0.082917,-0.111673,2001,9,139,36
313507,139036,None,1282,0.048996,0.102515,2001,9,139,36
3129,139036,星星湖滩6,1283,2.320657,0.074264,2001,9,139,36
3142,139036,太平湖,1284,21.903423,0.007625,2001,9,139,36
3141,140036,甘桔湖,1285,8.04869,0.000049,1999,8,140,36
3143,139036,太平湖-南侧,1286,13.417985,0.002013,2001,9,139,36
3145,139036,波涛湖,1287,72.006903,0.001151,2001,9,139,36
3146,139036,雪莲湖,1288,50.628477,0.006072,2001,9,139,36
314001,140036,甘桔湖-西侧,1289,0.149547,-0.078376,1999,8,140,36
314002,140036,甘桔湖-西侧,1290,0.431326,-0.037472,1999,8,140,36
314004,140036,甘桔湖-西侧,1291,0.084177,0.107252,1999,8,140,36
3144,139036,错纳查-东南1,1292,0.691732,-0.032313,2001,9,139,36
3155,140037,牛鼻山-北侧2,1293,1.550118,0.055307,1999,8,140,37
3154,140037,牛鼻山-北侧1,1294,1.363683,0.04892,1999,8,140,37
3147,140037,饮龙湖,1295,8.243266,0.020216,1999,8,140,37
3149,140037,东湖,1296,102.266267,0.004022,1999,8,140,37
3148,140037,龙尾湖,1297,44.732036,0.026992,1999,8,140,37
3152,140037,None,1298,6.549849,0.012486,1999,8,140,37
3150,140037,None,1299,2.617103,0.03251,1999,8,140,37
315305,140037,达尔沃错温,1300,35.53162,0.001839,1999,8,140,37
315302,140037,淡水湖,1301,1.72017,0.007044,1999,8,140,37
315302,140037,阿木错,1302,0.975654,0.014484,1999,8,140,37
315301,140037,阿木错,1303,29.149641,0.005547,1999,8,140,37
3157,140037,天际湖,1304,1.788193,0.019542,1999,8,140,37
3161,140037,None,1305,4.301203,0.016312,1999,8,140,37
3159,140037,恰尔嘎木错,1306,22.950999,0.057008,1999,8,140,37
316001,140037,孔孔茶卡,1307,33.040812,-0.088016,1999,8,140,37
316002,140037,孔孔茶卡,1308,6.093208,0.303643,1999,8,140,37
3162,140037,肖茶卡,1309,11.850216,0.032597,1999,8,140,37
3156,140037,None,1310,0.785112,-0.006115,1999,8,140,37
3158,140037,None,1311,0.368449,0.025253,1999,8,140,37
3151,140037,None,1312,0.619899,0.022399,1999,8,140,37
316802,139037,比陇错,1313,24.082269,-0.786327,2000,10,139,37
3169,140037,错陇角,1314,1.761444,0.058745,1999,8,140,37
3173,139037,本依晓曲,1315,3.336475,0.017807,2000,10,139,37
3171,140037,蒂让碧错,1316,25.89512,0.038589,1999,8,140,37
3170,140037,None,1317,1.096574,0.043328,1999,8,140,37
317201,140037,才多茶卡,1318,28.761429,0.080735,1999,8,140,37
317203,140037,才多茶卡,1319,1.236301,0.067122,1999,8,140,37
317202,140037,才多茶卡,1320,8.14776,0.063606,1999,8,140,37
316801,139037,比陇错,1321,19.869476,0.00573,2000,10,139,37
316701,140037,鄂雅次琼,1322,1.545736,0.019138,1999,8,140,37
3165,140037,北雷错,1323,20.281185,0.037371,1999,8,140,37
316401,140037,朋彦错,1324,53.099132,0.015253,1999,8,140,37
316402,140037,朋彦错,1325,3.056563,0.319733,1999,8,140,37
3174,140037,德如错,1326,1.246374,0.349666,1999,8,140,37
316302,140037,拔度错,1327,12.11704,0.015839,1999,8,140,37
316301,140037,拔度错,1328,42.398164,0.016416,1999,8,140,37
316702,140037,鄂雅错,1329,57.631284,0.006665,1999,8,140,37
3166,140037,鲁雄错,1330,7.231592,0.046397,1999,8,140,37
3175,140037,辖那错,1331,0.583173,0.068994,1999,8,140,37
3183,139037,奔错,1332,6.636286,0.039625,2000,10,139,37
3196,139037,错居日,1333,26.125374,0.008237,2000,10,139,37
3186,139037,雀日查哈-西南侧2,1334,2.690494,0.041608,2000,10,139,37
3188,139037,雀日查哈,1335,4.497194,0.102866,2000,10,139,37
3189,139037,扎木错玛琼,1336,19.599517,0.021823,2000,10,139,37
3191,139037,鄂纵错,1337,7.950147,0.038077,2000,10,139,37
319202,139037,昂达尔错-东侧咸,1338,2.79869,0.033156,2000,10,139,37
319201,139037,昂达尔错,1339,38.999965,0.021205,2000,10,139,37
319002,139037,雅根错-东北咸沼泽,1340,2.785206,-0.011301,2000,10,139,37
3180,139037,错欧,1341,16.019839,0.024103,2000,10,139,37
3182,139037,None,1342,1.060886,0.121821,2000,10,139,37
3184,139037,奔错-南侧1,1343,4.760656,0.102001,2000,10,139,37
318504,139037,玛巧错,1344,27.122812,-0.001307,2000,10,139,37
3181,138037,加木称错,1345,26.933023,0.056235,2002,5,138,37
318509,139037,赤布张湖,1346,1.392597,-0.009316,2000,10,139,37
318501,139037,洞错,1347,386.91875,0.024361,2000,10,139,37
3176,139037,燕子湖,1348,16.014126,0.030932,2000,10,139,37
3177,139037,燕子湖-西南1,1349,1.289011,-0.014686,2000,10,139,37
3178,139037,劳日特错,1350,58.558419,-0.001343,2000,10,139,37
3194,139037,麻构错,1351,3.350351,0.029656,2000,10,139,37
3193,139038,吉给普错,1352,2.751626,0.023174,1999,9,139,38
3195,139038,气相错,1353,155.642218,0.010961,1999,9,139,38
318502,139037,赤布张湖,1354,477.646218,0.006203,2000,10,139,37
3187,139037,雀日查哈-西侧咸,1355,6.554793,0.017738,2000,10,139,37
319001,139037,雅根错,1356,106.626919,0.012783,2000,10,139,37
3197,139037,错纳查-南侧咸,1357,0.805822,0.15654,2000,10,139,37
3198,139037,None,1358,0.899753,0.028164,2000,10,139,37
3205,140038,日阿只错,1359,2.101366,0.117265,2000,10,140,38
320401,140038,祝曲错,1360,3.934436,0.1127,2000,10,140,38
320701,140038,查下不错,1361,4.733963,0.078819,2000,10,140,38
320702,140038,查下不错,1362,1.058876,0.137972,2000,10,140,38
319902,140038,脑日错西南侧,1363,0.54975,0.050016,2000,10,140,38
319901,140038,脑日错西南侧,1364,0.163931,0.040996,2000,10,140,38
3212,140038,控错,1365,4.68006,0.074436,2000,10,140,38
321102,140038,差布错,1366,0.242937,-0.974048,2000,10,140,38
3210,140038,岗脚错,1367,2.969787,-0.989688,2000,10,140,38
3216,140038,塞拉措,1368,2.584497,0.075767,2000,10,140,38
3206,140038,None,1369,1.599497,0.043655,2000,10,140,38
320402,140038,祝曲错,1370,0.038504,0.941388,2000,10,140,38
320403,140038,祝曲错,1371,0.037392,1.023187,2000,10,140,38
321402,140038,孜桂错,1372,0.787762,1.823551,2000,10,140,38
321503,140038,加仁错,1373,0.872646,0.092634,2000,10,140,38
3202,140038,昌玛错,1374,3.912428,0.125582,2000,10,140,38
320303,140038,甲日阿普错9,1375,0.18167,0.147643,2000,10,140,38
321502,140038,加仁错,1376,0.404445,0.227004,2000,10,140,38
3215,140038,加仁错,1377,476.146974,0.008956,2000,10,140,38
32090,140038,卡规错,1378,89.106359,0.000775,2000,10,140,38
320901,140038,无如错,1379,360.044085,0.010922,2000,10,140,38
3200,140038,脑日错,1380,69.563061,0.016279,2000,10,140,38
321401,140038,孜桂错,1381,74.198821,0.006686,2000,10,140,38
3208,140038,狮湖错,1382,66.792759,0.025016,2000,10,140,38
3201,140038,纳江错,1383,44.525268,0.027131,2000,10,140,38
321101,140038,差布错,1384,37.257123,-0.997861,2000,10,140,38
3203,140038,甲日阿普错,1385,35.981486,0.015912,2000,10,140,38
321502,140038,夏谷错,1386,1.362363,0.637259,2000,10,140,38
321301,140038,且拿错,1387,6.230116,-0.006562,2000,10,140,38
321302,140038,且拿错,1388,2.311912,0.107834,2000,10,140,38
321303,140038,且拿错,1389,0.084122,0.338203,2000,10,140,38
324801,139038,徐果错,1390,29.419933,0.009592,1999,9,139,38
3247,139038,东卡错,1391,53.83824,0.024315,1999,9,139,38
3219,140038,尕阿错,1392,7.015855,0.056328,2000,10,140,38
3223,139038,赞宗错,1393,9.51946,0.031182,1999,9,139,38
3227,139038,蒋日阿错,1394,2.243059,0.005384,1999,9,139,38
3244,139038,爬错,1395,8.215502,0.070701,1999,9,139,38
3222,139038,玛日埃挫,1396,6.715702,0.039249,1999,9,139,38
323001,140038,崩则错,1397,18.764816,0.082515,2000,10,140,38
3221,139038,木地错,1398,2.862665,0.034404,1999,9,139,38
3226,139038,雅琼错,1399,2.024453,0.029792,1999,9,139,38
3228,139038,江加错8,1400,1.108142,0.02396,1999,9,139,38
324502,139038,卢定错,1401,0.628404,0.055639,1999,9,139,38
3229,139038,卡贡错,1402,1.625021,0.041922,1999,9,139,38
3231,140038,国加轮曲,1403,35.637871,0.1453,2000,10,140,38
3242,139038,夏穷错,1404,6.683817,0.051006,1999,9,139,38
3247,139038,None,1405,0.490087,0.051966,1999,9,139,38
3246,139038,绿钦错龙觉,1406,0.905475,-0.012076,1999,9,139,38
3241,139038,错敌错,1407,2.107721,0.09369,1999,9,139,38
3225,139038,吉日吐卡日错阿陇,1408,1.363725,0.012762,1999,9,139,38
323908,139038,科勒钦,1409,1.346207,0.10596,1999,9,139,38
323909,139038,塘尕伦错,1410,1.224159,0.09234,1999,9,139,38
3220,139038,夏赛日错,1411,1.185541,0.031501,1999,9,139,38
324802,139038,冉曲错,1412,1.087441,0.102801,1999,9,139,38
3249,139038,贡依错,1413,0.618956,0.121245,1999,9,139,38
324501,139038,卢定错,1414,1.171526,0.096009,1999,9,139,38
3238,139038,同旧错,1415,1.974984,0.082744,1999,9,139,38
323903,139038,色林错-南侧,1416,3.711243,0.288254,1999,9,139,38
3237,139038,错日阿布错,1417,2.128612,0.111495,1999,9,139,38
323906,140038,None,1418,0.180983,0.374262,2000,10,140,38
323601,139038,错俄木,1419,272.759311,0.005946,1999,9,139,38
3243,139038,纳木卡错,1420,22.286505,-0.004135,1999,9,139,38
323904,139038,None,1421,0.107424,-0.158165,1999,9,139,38
323905,139038,None,1422,0.133358,-0.034985,1999,9,139,38
323907,140038,None,1423,0.040926,0.744983,2000,10,140,38
323901,139038,色林错,1424,1798.988046,0.031674,1999,9,139,38
3240,139038,班戈错,1425,107.645458,0.073521,1999,9,139,38
323602,139038,时补错,1426,15.330763,0.002587,1999,9,139,38
323902,139038,雅个冬错,1427,43.768871,0.020889,1999,9,139,38
3250,139038,亚土错,1428,28.39743,0.010074,1999,9,139,38
3217,139038,戈梗错,1429,26.343698,0.020565,1999,9,139,38
3218,139038,瀑塞尔错,1430,16.83213,0.009634,1999,9,139,38
3224,139038,洋纳朋错,1431,13.320634,0.005795,1999,9,139,38
3232,140038,崩则错-东南咸1,1432,0.836759,0.398578,2000,10,140,38
3234,140038,扎木下木,1433,1.891279,0.083092,2000,10,140,38
323501,140038,None,1434,1.029344,0.824033,2000,10,140,38
3233,140038,None,1435,3.504386,0.117235,2000,10,140,38
3254,139038,错嘎巴,1436,2.941682,0.04801,1999,9,139,38
3255,139038,戈昂错,1437,103.314263,0.00169,1999,9,139,38
3258,139039,仁错贡玛,1438,103.947009,0.1147,2000,11,139,39
3257,139039,None,1439,7.464325,0.003049,2000,11,139,39
3252,139038,加任错,1440,1.255247,0.203641,1999,9,139,38
3253,139038,迷如错,1441,1.235927,0.026294,1999,9,139,38
3251,139038,来谷荣错,1442,1.772048,1.684855,1999,9,139,38
325803,139039,仁错贡玛,1443,0.206028,0.066342,2000,11,139,39
325802,139039,仁错贡玛,1444,0.136732,0.213972,2000,11,139,39
3259,139039,仁错约玛,1445,56.08426,0.018575,2000,11,139,39
3260,139038,久如错,1446,40.951411,0.006133,1999,9,139,38
3256,139038,补嘎错,1447,36.464715,0.00826,1999,9,139,38
3261,139039,错嘎巴,1448,1.513294,-0.010827,2000,11,139,39
3270,140039,木地达拉玉错,1449,23.615141,0.002045,2000,10,140,39
3264,140039,多错,1450,3.960546,0.001266,2000,10,140,39
3275,139039,查藏错,1451,18.907037,-0.003024,2000,11,139,39
3269,139039,戈瓦错,1452,1.706254,0.046312,2000,11,139,39
3268,139039,测东拉错,1453,2.223265,0.01285,2000,11,139,39
3267,139039,瓦昂错,1454,5.735127,0.004439,2000,11,139,39
3273,139039,里布底错-南侧,1455,2.143503,-0.020875,2000,11,139,39
3265,139039,错嘎错,1456,0.954567,0.062142,2000,11,139,39
3266,139039,纳那错,1457,1.556939,0.001499,2000,11,139,39
3272,139039,柯青错,1458,1.636535,0.000954,2000,11,139,39
3274,139039,甲马错,1459,2.140065,0.031924,2000,11,139,39
3272,139039,None,1460,5.982191,0.023,2000,11,139,39
3271,140039,越恰错,1461,68.089226,0.009255,2000,10,140,39
3262,139039,木纠错,1462,77.984865,0.109942,2000,11,139,39
3263,140039,孔错,1463,12.696392,0.01431,2000,10,140,39
3276,139039,洛波错,1464,2.267101,0.199971,2000,11,139,39
3278,140039,村章错,1465,4.570843,0.025796,2000,10,140,39
327702,140039,马而下错,1466,0.711356,0.062311,2000,10,140,39
328101,140039,错卧莫,1467,21.909834,-0.001184,2000,10,140,39
327901,140039,马儿果错,1468,1.544817,0.011522,2000,10,140,39
327902,140039,马儿果错,1469,0.245736,0.086697,2000,10,140,39
328001,140039,叶野错,1470,3.22863,-0.042354,2000,10,140,39
328002,140039,叶野错,1471,0.356217,1.095672,2000,10,140,39
328102,140039,错卧莫,1472,0.607733,0.081192,2000,10,140,39
327701,140039,马而下错,1473,77.486538,0.012604,2000,10,140,39
3282,140039,扎布错,1474,0.881428,0.017916,2000,10,140,39
3284,140040,错果,1475,1.116099,-0.031166,2000,10,140,40
3283,140040,都弄,1476,1.601436,-0.17433,2000,10,140,40
329002,140041,俄玛讲松,1477,0.032838,0.2937,2000,10,140,41
3292,140041,错将,1478,1.027687,0.028346,2000,10,140,41
3288,140040,登么错,1479,9.583151,0.21436,2000,10,140,40
3289,140040,错果-西侧,1480,0.172904,7.355432,2000,10,140,40
3287,140040,None,1481,1.247688,0.021069,2000,10,140,40
3285,140040,昂仁错,1482,20.28445,0.014412,2000,10,140,40
3286,140040,浪错,1483,8.348197,0.00122,2000,10,140,40
329001,140041,俄玛讲松,1484,1.222077,0.045042,2000,10,140,41
3291,140040,穷布错,1485,0.915888,0.050802,2000,10,140,40
3296,139040,嘎拉错,1486,31.564327,0.653805,2000,11,139,40
3298,139040,None,1487,2.523345,0.013529,2000,11,139,40
3295,139040,None,1488,2.334422,0.13632,2000,11,139,40
3297,139040,多庆错,1489,84.620516,0.342881,2000,11,139,40
3293,139040,错母折林,1490,57.941919,0.014359,2000,11,139,40
3294,139040,强左错,1491,18.035847,0.054754,2000,11,139,40
330302,139041,通错,1492,0.438937,0.050213,2000,12,139,41
3301,139041,None,1493,0.905278,0.140385,2000,12,139,41
3302,139041,None,1494,1.478969,9.084935,2000,12,139,41
330301,139041,通错,1495,1.712977,0.007668,2000,12,139,41
3299,139041,卡直勒上游2,1496,0.808195,0.148718,2000,12,139,41
3304,139041,通穷,1497,2.630261,1.06969,2000,12,139,41
3300,139041,None,1498,1.072104,0.034334,2000,12,139,41
3308,139037,雀日查哈-南侧咸沼泽,1499,0.630209,-0.005185,2000,10,139,37
3309,139036,乌兰乌拉湖-北侧2,1500,0.83425,-0.027631,2001,9,139,36
331001,139037,None,1501,0.032383,0.069368,2000,10,139,37
331002,139037,None,1502,0.014411,-0.157379,2000,10,139,37
331003,139037,None,1503,0.06145,-0.202272,2000,10,139,37
3311,140033,0,1504,0.808111,0.313517,2001,10,140,33
331201,140036,双泉湖-北侧咸,1505,0.795113,-0.308488,1999,8,140,36
331202,140036,None,1506,0.085838,0.116511,1999,8,140,36
3313,140036,None,1507,0.697274,-0.585668,1999,8,140,36
3314,140036,None,1508,0.231479,0.096389,1999,8,140,36
3023,140035,围山湖-西侧,1510,3.186737,-0.627096,1999,8,140,35
303702,140036,多格错仁强错,1511,4.338416,-0.123052,1999,8,140,36
303703,140036,多格错仁强错,1512,1.730113,-0.551318,1999,8,140,36
303704,140035,多格错仁强错,1513,0.511466,-0.014898,1999,8,140,35
304407,139035,勒斜武担湖,1514,0.097241,0.151563,2000,10,139,35
304408,139035,勒斜武担湖,1515,0.308437,-0.749223,2000,10,139,35
305502,139035,饮马湖,1516,0.041965,0.307858,2000,10,139,35
305501,139035,饮马湖,1517,0.049543,0.25314,2000,10,139,35
305503,139035,饮马湖,1518,0.028266,3.185629,2000,10,139,35
308207,140036,多格错仁,1519,0.080918,-0.744178,1999,8,140,36
308501,140036,万安湖,1520,0.44345,-0.512778,1999,8,140,36
308803,140036,半岛湖,1521,0.031381,-0.58399,1999,8,140,36
310303,139036,金西乌兰湖,1522,0.123752,-0.200557,2001,9,139,36
310305,139036,金西乌兰湖,1523,0.020465,0.142435,2001,9,139,36
310306,139036,金西乌兰湖,1524,0.060331,-0.150435,2001,9,139,36
310307,139036,金西乌兰湖,1525,0.075423,-0.046269,2001,9,139,36
310315,139036,金西乌兰湖,1526,0.309047,0.084175,2001,9,139,36
312509,139036,乌兰乌拉湖,1527,0.10327,-0.01575,2001,9,139,36
312514,139036,乌兰乌拉湖,1528,0.016607,-0.052118,2001,9,139,36
315901,140037,恰尔嘎木错,1529,0.214365,0.419594,1999,8,140,37
3179,139037,美日切错玛日,1530,64.996067,0.009197,2000,10,139,37
324401,139038,爬错,1531,0.082975,-0.052069,1999,9,139,38
325302,139038,迷如错,1532,0.083821,0.177896,1999,9,139,38
325804,139039,仁错贡玛,1533,0.021328,-0.051425,2000,11,139,39
326701,139039,瓦昂错,1534,0.023367,-0.210438,2000,11,139,39
325201,139038,加任错,1535,0.155762,0.118168,1999,9,139,38
319003,139037,雅根错,1536,0.483471,-0.161236,2000,10,139,37
319903,140038,脑日错西南侧,1537,0.042314,0.021548,2000,10,140,38
319904,140038,脑日错西南侧,1538,0.232131,0.142493,2000,10,140,38
319907,140038,脑日错西南侧,1539,0.102772,0.305602,2000,10,140,38
323502,140038,None,1540,0.357258,0.307891,2000,10,140,38
1045,147035,错鲁勒错,1584,9.682743,-0.022603,2000,10,147,35
1046,147035,甜水湖,1585,1.575101,-0.030404,2000,10,147,35
1047,147035,None,1586,1.805148,-0.020488,2000,10,147,35
1048,147035,红山湖9-44-14,1587,11.484818,0.564465,2000,10,147,35
1049,147036,None,1588,1.140952,-0.046642,2000,10,147,36
1050,147037,None,1589,1.537534,-0.054028,2000,10,147,37
1051,147037,None,1590,1.879444,-0.042219,2000,10,147,37
1052,147037,None,1591,1.646553,-0.045807,2000,10,147,37
1053,147037,None,1592,16.670926,0.032865,2000,10,147,37
1054,147037,None,1593,4.480549,-0.050425,2000,10,147,37
1055,147037,None,1594,5.098567,0.003662,2000,10,147,37
1056,147037,None,1595,144.52607,0.009606,2000,10,147,37
1057,146035,苦水湖,1596,2.623989,0.156515,1999,10,146,35
1058,146035,甜水海,1597,1.041343,0.41317,1999,10,146,35
1058,146036,阿克萨依湖,1598,169.00813,0.055021,2000,10,146,36
1060,146036,到腾格湖,1599,45.600797,-0.000404,2000,10,146,36
1061,146036,萨利吉勒干南库勒,1600,66.897011,0.000066,2000,10,146,36
1062,146036,泽普错,1601,116.417829,-0.00759,2000,10,146,36
1063,146036,次麦,1602,1.437531,-0.074963,2000,10,146,36
1064,146037,斯潘古尔湖,1603,56.465617,0.007257,2000,10,146,37
1065,146037,沙尔达湖-夏歹错--9-44-87,1604,7.911224,0.013687,2000,10,146,37
1066,146037,None,1605,2.201209,-0.048081,2000,10,146,37
1067,146037,None,1606,4.477273,-0.027519,2000,10,146,37
1068,146037,None,1607,5.620525,-0.027336,2000,10,146,37
1069,146037,班公湖,1608,639.398243,-0.007011,2000,10,146,37
1070,146035,苦水湖下沼泽9-44-3,1609,1.56104,0.808779,1999,10,146,35
1071,146037,None,1610,2.100529,-0.074475,2000,10,146,37
1072,145035,阿什库勒,1611,9.770798,0.041485,1999,10,145,35
1073,145035,乌鲁克库勒,1612,15.158995,0.030054,1999,10,145,35
1074,145036,多塔冰川冰湖,1613,2.7391,0.408847,2001,10,145,36
1075,145036,乌拉英可尔,1614,247.133581,0.026989,2001,10,145,36
1076,145036,邦达错,1615,112.520896,0.011762,2001,10,145,36
1077,145036,邦达错东南,1616,9.059429,0.03746,2001,10,145,36
1078,144036,普尔错-北2,1617,1.460144,2.901747,2001,10,144,36
1079,145036,普尔错-北1,1618,9.237134,0.108951,2001,10,145,36
1080,145036,普尔错-西北,1619,3.69711,0.023466,2001,10,145,36
1081,145036,普尔错,1620,42.680399,0.008347,2001,10,145,36
1082,145036,独立石湖,1621,80.989121,0.009216,2001,10,145,36
1083,145036,None,1622,2.738571,-0.015756,2001,10,145,36
1084,145036,兽形湖,1623,5.958947,-0.022576,2001,10,145,36
1085,145036,清澈湖,1624,125.612219,-0.002149,2001,10,145,36
1086,145036,鲁玛江冬错,1625,353.239469,0.009958,2001,10,145,36
1087,145037,结则茶卡,1626,107.562615,0.032782,2001,10,145,37
1088,145036,多湖,1627,5.694877,-0.017965,2001,10,145,36
1089,145036,登静错,1628,1.974377,0.114452,2001,10,145,36
1090,145036,窝尔巴错,1629,92.723514,0.007973,2001,10,145,36
1091,145036,马头湖,1630,9.438579,-0.019844,2001,10,145,36
1092,145036,龙角错,1631,9.02054,0.001866,2001,10,145,36
1093,145036,芒错,1632,11.998144,0.014828,2001,10,145,36
1094,146036,龙木措,1633,99.866079,0.006399,2000,10,146,36
1095,145036,松木希错,1634,27.306548,0.205309,2001,10,145,36
1096,146036,None,1635,2.819664,0.046234,2000,10,146,36
1097,146036,泉水湖9-44-41,1636,15.514916,0.040695,2000,10,146,36
1098,146036,红山湖,1637,5.975355,0.038749,2000,10,146,36
1099,146036,泉水湖-北侧,1638,8.569344,0.077474,2000,10,146,36
1100,145036,心形湖,1639,10.597982,0.03563,2001,10,145,36
1101,145036,榴弹湖,1640,6.460078,0.396715,2001,10,145,36
1102,145036,龙木措-右侧--9-44-54,1641,7.098745,0.039161,2001,10,145,36
1104,145037,台错9-44-78,1642,6.223246,0.062841,2001,10,145,37
1105,145037,先且错,1643,10.671347,0.003112,2001,10,145,37
1106,145037,卡易错,1644,2.96199,0.186389,2001,10,145,37
1107,145037,常木错-西,1645,7.109684,0.127232,2001,10,145,37
1108,145037,阿永布错9-44-89,1646,3.671758,0.032081,2001,10,145,37
1109,145037,None,1647,19.3083,-0.024043,2001,10,145,37
1110,145037,左用错,1648,6.58703,-0.013759,2001,10,145,37
1111,145037,芦布错&错嘎,1649,13.307351,0.033451,2001,10,145,37
1112,145037,昆仲错9-44-101,1650,14.913259,0.007256,2001,10,145,37
1113,145037,"热帮错9-44-101,102",1651,42.91858,0.103692,2001,10,145,37
1115,145037,民淖茶卡,1652,0.211284,8.556014,2001,10,145,37
1116,146037,昂拉措,1653,1.569402,0.830126,2000,10,146,37
1118,145037,None,1654,0.938758,0.872221,2001,10,145,37
1119,144038,"吓萨尔错8-44-18,19",1655,14.625022,0.036472,1999,11,144,38
1120,145038,崩阿错8-44-19,1656,1.589646,-0.039706,2000,11,145,38
1121,145037,亚美错,1657,2.315465,0.444718,2001,10,145,37
1122,144037,None,1658,0.844227,0.074917,1999,11,144,37
1123,146037,麻布加错,1659,5.102235,-0.042246,2000,10,146,37
1125,144035,硝尔库勒,1660,5.134704,0.200852,1999,9,144,35
1126,144035,昂哥库勒,1661,1.537016,0.138551,1999,9,144,35
1129,144035,无水湖沼泽9-44-10,1662,3.214987,0.104316,1999,9,144,35
1130,143035,None,1663,1.330167,0.059319,2000,11,143,35
1131,144035,None,1664,13.189331,0.281688,1999,9,144,35
1132,144035,黑石北湖,1665,93.723276,0.001128,1999,9,144,35
1133,144035,盐碱地9-44-23,1666,6.902165,0.423868,1999,9,144,35
1134,144035,None,1667,1.999908,0.010585,1999,9,144,35
1135,143035,None,1668,10.006061,-0.009154,2000,11,143,35
1136,143036,None,1669,11.546515,-0.036796,2001,9,143,36
1137,143036,None,1670,1.817236,-0.039579,2001,9,143,36
1138,144036,黑石湖,1671,4.353689,-0.053063,2001,10,144,36
1139,144036,碱水湖,1672,55.574165,0.760303,2001,10,144,36
1140,144036,None,1673,5.90164,0.035657,2001,10,144,36
1141,144036,None,1674,0.967207,0.053208,2001,10,144,36
1142,144036,月牙湖,1675,14.366308,-0.018876,2001,10,144,36
114301,144036,夏围湖,1676,4.853373,0.046099,2001,10,144,36
1144,144036,拜惹布错,1677,134.9377,0.009416,2001,10,144,36
1145,144036,None,1678,1.947554,0.005222,2001,10,144,36
1146,144036,鸭子湖,1679,2.169973,-0.042938,2001,10,144,36
1147,144036,None,1680,1.876009,-0.007403,2001,10,144,36
1148,144036,恰贡错,1681,22.373048,0.018158,2001,10,144,36
1149,144036,小盆湖9-44-58,1682,7.496941,-0.369739,2001,10,144,36
1150,144036,美马错,1683,136.883442,-0.002125,2001,10,144,36
1151,144037,阿鲁错,1684,106.282498,-0.013523,1999,11,144,37
1152,144036,四家湖,1685,21.552959,0.018791,2001,10,144,36
1153,144036,夏碱湖,1686,16.243181,0.134658,2001,10,144,36
1154,144036,None,1687,28.318979,0.09679,2001,10,144,36
1155,143037,鸭岛湖,1688,23.295667,0.058618,2001,9,143,37
1156,144036,None,1689,13.895913,0.052641,2001,10,144,36
1157,144036,None,1690,1.818653,-0.025712,2001,10,144,36
1158,144036,双湖,1691,9.898247,-0.004791,2001,10,144,36
1159,144036,鸭子湖,1692,3.935839,-0.017913,2001,10,144,36
1160,144036,None,1693,4.296252,0.025527,2001,10,144,36
1161,144036,None,1694,60.407107,0.069689,2001,10,144,36
1162,144036,None,1695,2.05984,-0.032526,2001,10,144,36
1163,144037,None,1696,1.248182,-0.022027,1999,11,144,37
1164,144037,None,1697,1.148377,-0.025262,1999,11,144,37
1165,144037,昆楚克错,1698,20.632793,0.00024,1999,11,144,37
1166,144037,把拉错,1699,1.571465,-0.031021,1999,11,144,37
1167,144037,查木错,1700,11.300798,0.017409,1999,11,144,37
1168,144037,布木错,1701,10.56062,-0.019801,1999,11,144,37
1169,144037,None,1702,0.584639,0.153653,1999,11,144,37
1171,144037,纳屋错,1703,14.737772,0.156093,1999,11,144,37
1172,144037,阿翁错,1704,61.051731,0.00032,1999,11,144,37
1173,144037,None,1705,3.045952,0.051199,1999,11,144,37
1174,144037,叉茶卡9-44-128,1706,1.084448,1.1442,1999,11,144,37
1175,144037,None,1707,0.876229,-0.059648,1999,11,144,37
1176,144037,克穷错9-44-129,1708,4.286872,0.463866,1999,11,144,37
1177,144037,"茶卡错1_9-44-129,130",1709,18.012274,0.530053,1999,11,144,37
1179,144037,None,1710,1.270694,0.073019,1999,11,144,37
1180,144037,别若则错,1711,31.729402,0.038115,1999,11,144,37
1181,143037,徐旭9-44-130,1712,0.192518,16.806314,2001,9,143,37
1182,144037,纳日阿苍巴错东侧9-44-130,1713,0.345993,1.403976,1999,11,144,37
1183,143037,"喀湖错9-44-94,95",1714,17.317523,0.455187,2001,9,143,37
1184,144037,纳屋错,1715,36.465162,0.025658,1999,11,144,37
1185,144038,None,1716,23.238081,0.197312,1999,11,144,38
1186,143038,None,1717,13.827912,0.076626,2001,10,143,38
1187,144038,洞古错,1718,5.754813,-0.029421,1999,11,144,38
1188,144038,色卡执,1719,16.524902,0.01933,1999,11,144,38
1189,144038,None,1720,3.418892,0.003739,1999,11,144,38
1190,144038,德拉格措,1721,3.922977,0.027603,1999,11,144,38
1191,144038,喳勒错,1722,3.599982,0.0803,1999,11,144,38
1192,144038,茶里错,1723,51.859689,0.024697,1999,11,144,38
1193,143039,阿尔过错,1724,59.516799,-0.002296,2000,10,143,39
1194,144039,None,1725,0.980412,-0.049817,2001,10,144,39
1195,144039,None,1726,1.038982,-0.054151,2001,10,144,39
1196,144038,None,1727,1.535664,-0.044639,1999,11,144,38
1197,144038,君玛错,1728,16.863211,-0.021797,1999,11,144,38
1198,144038,扎布容错,1729,1.724,-0.040604,1999,11,144,38
1199,144038,惹下错,1730,1.634347,-0.079427,1999,11,144,38
1200,144038,弄可罗错,1731,2.046527,-0.103306,1999,11,144,38
1201,144038,嘎背错,1732,2.487386,-0.029174,1999,11,144,38
1202,144038,杜格错,1733,5.287693,-0.050777,1999,11,144,38
1203,144039,None,1734,3.715297,-0.122204,2001,10,144,39
1204,144039,"玛旁雍错8-44-43,44,55,56",1735,411.579977,0.000724,2001,10,144,39
1205,144039,拉昂错,1736,267.791961,-0.024092,2001,10,144,39
1206,144039,公珠错,1737,57.050303,-0.010352,2001,10,144,39
1207,144039,扎浪丁错,1738,3.979836,-0.038139,2001,10,144,39
1208,144039,热布杰错8,1739,9.223806,0.002986,2001,10,144,39
1209,144039,古内脚错8-44-57-4,1740,1.438715,0.113362,2001,10,144,39
1211,144039,阿色甲果冰川末端冰湖8-44-69-4,1741,1.172066,1.033609,2001,10,144,39
4001,137033,小苏干湖,1742,11.535091,0.038642,2001,10,137,33
4002,138033,0,1743,101.037369,0.02115,2001,10,138,33
4003,137034,None,1744,144.69765,-0.698396,2001,10,137,34
4004,138034,None,1745,5.204436,1.613048,2002,5,138,34
4005,138034,None,1746,8.312638,-0.307623,2002,5,138,34
4006,138034,None,1747,11.99339,-0.3423,2002,5,138,34
4007,138035,小库赛湖,1748,7.375905,-0.032486,2002,5,138,35
4008,137035,黑海,1749,37.783613,-0.617884,2001,1,137,35
4009,138035,库湖,1750,258.640598,0.005589,2002,5,138,35
4010,138035,库赛湖-南侧,1751,2.20895,0.21278,2002,5,138,35
4011,138035,卓乃湖,1752,255.537866,-0.083676,2002,5,138,35
4012,138035,长梁山东南侧,1753,1.682631,0.107184,2002,5,138,35
4013,138036,0,1754,1.308551,0.017882,2001,10,138,36
4014,138036,错达日玛-西侧,1755,1.706072,-0.078808,2001,10,138,36
4015,138036,错达日玛,1756,77.460783,-0.01562,2001,10,138,36
4016,138036,错仁德加,1757,211.539248,-0.018287,2001,10,138,36
4017,138036,湖边山南侧,1758,1.456706,-0.061442,2001,10,138,36
4018,138036,宰日子东南,1759,1.199912,-0.049366,2001,10,138,36
4019,138036,寨冒拉昆东侧,1760,6.484667,0.028678,2001,10,138,36
4020,138036,None,1761,0.856406,-0.047431,2001,10,138,36
4021,138036,错仁德加-西南,1762,2.55229,-0.00061,2001,10,138,36
4022,138036,苟鲁都格措-北侧,1763,3.102373,0.015874,2001,10,138,36
4023,138036,None,1764,0.802204,-0.170439,2001,10,138,36
4024,138036,苟鲁都格措,1765,4.764596,-0.012237,2001,10,138,36
4025,138036,苟鲁山克措,1766,58.65626,-0.001292,2001,10,138,36
4026,138036,苟鲁山克措-南侧,1767,0.871461,-0.155679,2001,10,138,36
4027,138036,苟弄措仁,1768,1.793148,0.027783,2001,10,138,36
4028,138036,苟弄措,1769,3.298605,-0.004577,2001,10,138,36
4029,138036,苟弄措东侧,1770,1.390169,-0.088506,2001,10,138,36
4030,138036,苟弄措南侧,1771,0.853528,0.011335,2001,10,138,36
4031,138036,苟仁错,1772,20.669549,0.046623,2001,10,138,36
4032,138036,玛章错钦-西侧,1773,1.429754,0.044627,2001,10,138,36
4033,138036,玛章错钦,1774,69.591423,-0.004742,2001,10,138,36
4034,138036,玛章错钦-东北,1775,4.7391,-0.002909,2001,10,138,36
4035,138036,察日措,1776,10.245137,-0.035543,2001,10,138,36
4036,138036,扎里娃错,1777,5.538763,0.138092,2001,10,138,36
4037,137036,茶错,1778,6.354515,-0.352111,2001,7,137,36
4038,137036,雅西措,1779,22.52265,0.122172,2001,7,137,36
4039,138036,奔德错切吗,1780,4.32926,0.029904,2001,10,138,36
4040,138036,None,1781,0.847599,0.229057,2001,10,138,36
4041,138036,错阿日玛,1782,11.405952,0.033103,2001,10,138,36
4042,138036,仓龙错切玛,1783,1.77601,0.070258,2001,10,138,36
0,138036,加茸查木措-西,1784,1.291706,0.125375,2001,10,138,36
4044,138036,94道班北侧,1785,1.439527,0.142579,2001,10,138,36
4045,138036,盖孟将玛错钦玛,1786,5.822921,0.019786,2001,10,138,36
4046,138037,雀莫错,1787,81.864768,-0.198381,2002,5,138,37
4047,138037,错登奴玛,1788,1.961492,-0.314815,2002,5,138,37
4048,137037,常错,1789,8.786546,-0.024032,2001,7,137,37
4049,138037,None,1790,1.304044,-0.031811,2002,5,138,37
4050,137037,曲托哇克错,1791,1.046955,-0.052126,2001,7,137,37
4051,138037,巴斯错鄂贡玛,1792,6.787457,-0.021222,2002,5,138,37
4052,138037,尺埃错,1793,7.666446,-0.003986,2002,5,138,37
4053,138037,青藏公路110道班西北侧_塘茸1,1794,1.745896,-0.070969,2002,5,138,37
4054,138037,0,1795,1.051046,-0.039911,2002,5,138,37
4055,138037,多卓扎尕寨东侧,1796,1.712242,-0.023658,2002,5,138,37
4056,138038,错麦陇西,1797,4.407842,-0.037968,2001,6,138,38
4057,138038,错阳怡,1798,2.046766,-0.017492,2001,6,138,38
4058,138038,兹各塘错,1799,211.022168,0.003071,2001,6,138,38
4059,138038,错乃玛,1800,1.52655,0.239106,2001,6,138,38
4060,138038,玛亚错,1801,1.25636,0.201659,2001,6,138,38
4061,138038,错那,1802,187.782834,-0.003034,2001,6,138,38
4062,138038,错加,1803,19.891246,0.005041,2001,6,138,38
4063,138038,噶弄错,1804,16.237558,-0.000018,2001,6,138,38
4064,138038,达如错,1805,60.323881,0.007806,2001,6,138,38
4065,138038,切里错,1806,11.079942,-0.000154,2001,6,138,38
4066,138038,东错,1807,136.916934,0.002216,2001,6,138,38
4067,138038,江错,1808,37.410567,0.006505,2001,6,138,38
4068,138038,蓬错,1809,153.156046,0.002035,2001,6,138,38
4069,138038,格姆错,1810,1.26467,-0.019804,2001,6,138,38
4070,138038,俄鲁粑,1811,1.105226,0.083886,2001,6,138,38
4071,138038,错呀桑南侧,1812,1.359707,0.105698,2001,6,138,38
4072,138038,夯错,1813,3.977623,0.213028,2001,6,138,38
4073,138038,错鄂,1814,71.35667,0.013016,2001,6,138,38
4074,138038,乃日平错,1815,79.044445,0.011296,2001,6,138,38
4075,138038,奇习错,1816,143.626252,0.002862,2001,6,138,38
4076,138038,凶欧错,1817,1.70419,0.944603,2001,6,138,38
4077,138038,拥错,1818,2.608273,0.035895,2001,6,138,38
4078,138038,巴木错,1819,204.994688,0.003565,2001,6,138,38
4079,138038,庞中错,1820,2.189256,0.043303,2001,6,138,38
4080,138039,申错,1821,43.945544,0.014887,2000,12,138,39
4081,138039,错龙确,1822,6.088257,0.021418,2000,12,138,39
4082,138039,错龙角,1823,0.973567,-0.075,2000,12,138,39
4083,138039,同错,1824,2.207308,0.073234,2000,12,138,39
4084,138039,None,1825,1.146653,0.009623,2000,12,138,39
4085,138039,纳木错,1826,1976.030379,0.005049,2000,12,138,39
4086,138039,None,1827,1.275264,-0.047891,2000,12,138,39
4087,138040,"羊卓雍湖8-46-97,98,109,110,111",1828,594.966334,0.00658,2000,11,138,40
4088,138040,空母错,1829,39.049495,-0.010798,2000,11,138,40
4089,138040,沉错西侧,1830,1.415331,-0.044605,2000,11,138,40
4090,138040,"沉错8-46-109,110",1831,39.372235,0.015178,2000,11,138,40
4091,138040,巴纠错,1832,42.052909,-0.005462,2000,11,138,40
4092,138040,设岗错8-46-111,1833,2.032148,0.06029,2000,11,138,40
4093,138040,"婆母拥错8-46-122,121",1834,285.507464,0.016553,2000,11,138,40
4094,138040,归译错,1835,3.324305,0.000866,2000,11,138,40
4095,138041,冲巴拥母错8-45-144,1836,12.475386,0.608456,2001,11,138,41
4096,138040,None,1837,1.465182,1.095773,2000,11,138,40
4097,138040,None,1838,1.421026,4.962716,2000,11,138,40
4098,138040,什娥错8-46-133,1839,5.398797,0.445265,2000,11,138,40
4099,138041,None,1840,1.225439,0.401547,2001,11,138,41
4100,138040,None,1841,1.115493,1.84021,2000,11,138,40
4101,138041,出国界,1842,1.106077,-0.955327,2001,11,138,41
4102,137034,0,1843,195.613983,0.112044,2001,10,137,34
4103,136034,0,1844,31.196987,1.13554,2001,10,136,34
4104,137034,0,1845,90.812353,-0.37202,2001,10,137,34
4105,136034,None,1846,13.636739,4.406402,2001,10,136,34
4106,137035,海丁诺尔,1847,24.657663,-0.069502,2001,1,137,35
4108,137035,海丁诺尔-南侧咸,1848,9.250129,0.015892,2001,1,137,35
4109,137035,盐湖,1849,30.128036,0.227236,2001,1,137,35
4110,137035,盐湖-南侧,1850,3.267449,-0.114058,2001,1,137,35
4111,137035,清水湖,1851,2.805736,0.056257,2001,1,137,35
4112,137036,曲麻河北侧,1852,1.084811,0.247323,2001,7,137,36
4113,137036,五道梁东3,1853,1.333015,-0.062154,2001,7,137,36
4114,137036,曲麻河西侧,1854,5.253215,-0.724929,2001,7,137,36
4115,137036,勒池勒玛曲北侧,1855,3.540515,-0.110092,2001,7,137,36
4116,137036,None,1856,0.705391,-0.297362,2001,7,137,36
4117,137036,尼阿希措,1857,10.99765,-0.507613,2001,7,137,36
4118,137036,囊极措,1858,1.385374,-0.073841,2001,7,137,36
4119,137036,尼阿希措南侧2,1859,1.728802,-0.309153,2001,7,137,36
4120,137036,尼阿希措南侧1,1860,3.33334,0.067072,2001,7,137,36
4121,137036,宰马贡尼措-东北侧1,1861,0.984664,-0.028994,2001,7,137,36
4122,137036,巴子宰玛日啊乎通北侧3,1862,0.996009,0.040875,2001,7,137,36
4123,137037,错江钦-西侧2,1863,1.255338,-0.140569,2001,7,137,37
4124,137036,错江钦,1864,18.764957,-0.302755,2001,7,137,36
4125,137036,宰马贡尼措,1865,5.546054,0.111516,2001,7,137,36
4126,137037,错仁玛,1866,1.099684,-0.006548,2001,7,137,37
4127,137037,乃洛错日登,1867,1.104539,-0.032084,2001,7,137,37
4128,137037,当拉错纳玛,1868,6.207582,0.00312,2001,7,137,37
4129,137037,尼日阿错改,1869,35.890599,0.010893,2001,7,137,37
4130,137037,错江克,1870,1.449774,0.025112,2001,7,137,37
4131,137037,扎木错,1871,6.674875,0.003926,2001,7,137,37
4132,136037,None,1872,1.037454,-0.070144,1999,9,136,37
4134,137037,尕鄂恩错纳玛,1873,8.353393,-0.00929,2001,7,137,37
4135,136037,None,1874,0.829932,-0.153058,1999,9,136,37
4136,137038,错阳夏,1875,2.136887,0.069891,2000,12,137,38
4137,137038,0,1876,0.975362,0.018114,2000,12,137,38
4138,137038,错莫绒,1877,3.652672,-0.029234,2000,12,137,38
4139,137038,0,1878,6.891267,0.701465,2000,12,137,38
4140,137038,错饶错,1879,1.473349,0.107402,2000,12,137,38
4141,136038,澎错,1880,7.01676,0.13357,2001,10,136,38
4142,136039,司错,1881,1.093902,-0.021302,2001,10,136,39
4143,137038,瓦瑞错,1882,0.982203,0.059898,2000,12,137,38
4144,137038,错日阿错,1883,3.743977,0.015836,2000,12,137,38
4145,137038,朗拉容马错,1884,0.920888,0.079323,2000,12,137,38
4146,137038,东德错,1885,4.62481,0.260942,2000,12,137,38
4147,137038,瞎前错,1886,1.026146,0.285626,2000,12,137,38
4148,137039,窝穷错,1887,2.267117,-0.043696,2000,12,137,39
4149,137039,二各错,1888,1.330329,0.019323,2000,12,137,39
4150,137039,托弄错,1889,1.825863,-0.043722,2000,12,137,39
4151,137039,峨弄错,1890,2.75318,-0.023349,2000,12,137,39
4152,137039,阿扎错,1891,6.848629,1.649308,2000,12,137,39
4154,137039,时间拉么错,1892,1.498189,0.012945,2000,12,137,39
4155,137040,酱错8-46-113,1893,3.717567,0.000721,2000,12,137,40
4156,137040,"哲古错8-46-112,124",1894,70.817327,0.005205,2000,12,137,40
4157,137040,拿日雍错8-46-136,1895,23.092334,0.015153,2000,12,137,40
4158,137040,拿日雍错,1896,2.895292,-0.040196,2000,12,137,40
4159,137041,杨错,1897,1.772953,0.048202,2000,12,137,41
4160,137041,压巴错,1898,2.37047,-0.033222,2000,12,137,41
4161,137041,吉五错,1899,2.040205,0.019092,2000,12,137,41
4162,137041,格金错,1900,1.378274,0.016241,2000,12,137,41
4163,136033,None,1901,1.008838,-0.028758,2000,7,136,33
4164,136034,小柴旦湖,1902,54.247631,-0.11756,2001,10,136,34
4165,136034,None,1903,51.9448,0.430053,2001,10,136,34
4166,136035,秀沟南侧,1904,41.003265,-0.027899,1999,9,136,35
4167,136035,卡巴纽尔多,1905,29.147436,-0.017071,1999,9,136,35
4168,136035,None,1906,0.562337,-0.352702,1999,9,136,35
4169,136035,卡巴纽尔多-东北侧,1907,1.301851,-0.045462,1999,9,136,35
4170,136035,多那冻宰贡玛东侧,1908,2.688668,-0.050244,1999,9,136,35
4171,136035,错日阿巴鄂阿东,1909,13.40203,-0.012814,1999,9,136,35
4172,136035,诺尔扎贡玛-西南侧,1910,0.40388,-0.243755,1999,9,136,35
4173,136035,错木头江章,1911,15.644643,0.061812,1999,9,136,35
4174,136036,杀中色手-南,1912,1.104297,-0.086828,2000,8,136,36
4175,136036,沙中色手-东南,1913,2.042634,-0.079811,2000,8,136,36
4176,136036,杀中色手-南,1914,0.932733,-0.855754,2000,8,136,36
4177,136036,错坎巴昂日东_东北侧,1915,2.378462,-0.074026,2000,8,136,36
4178,136036,错坎巴昂日东,1916,16.356292,-0.028798,2000,8,136,36
4179,136036,错坎巴昂日东_东南侧,1917,1.187358,-0.170145,2000,8,136,36
4180,136036,None,1918,0.99424,0.116298,2000,8,136,36
4180,136036,None,1919,0.092866,0.2407,2000,8,136,36
4181,136037,巴庆大队东侧,1920,1.250604,-0.03722,1999,9,136,37
4182,136037,None,1921,1.155535,-0.185591,1999,9,136,37
4183,136039,撒木错,1922,2.005509,-0.000168,2001,10,136,39
4184,136039,None,1923,2.457363,7.837287,2001,10,136,39
4185,136039,None,1924,1.099258,0.067248,2001,10,136,39
4186,136039,巴索错东侧冰湖,1925,1.152382,8.531018,2001,10,136,39
4187,136039,None,1926,1.033788,2.030895,2001,10,136,39
4188,136039,钟措弄巴错,1927,2.699862,0.513206,2001,10,136,39
4189,136039,新错,1928,4.270985,0.054037,2001,10,136,39
4190,136039,八松错,1929,26.611707,0.008079,2001,10,136,39
4191,135033,瑙滚诺尔,1930,3.298581,0.009822,1999,9,135,33
4192,135034,哈拉湖10-47-51，52，63，64,1931,584.860302,0.002887,1999,9,135,34
4193,135033,哈拉湖 南,1932,1.62198,-0.057888,1999,9,135,33
4194,135033,无图,1933,3.072645,0.022453,1999,9,135,33
4195,135034,库克呼尔干诺尔,1934,1.298633,-0.076127,1999,9,135,34
4196,135034,敖伦诺尔,1935,1.103481,-0.077866,1999,9,135,34
4197,135034,None,1936,2.414029,-0.026644,1999,9,135,34
4198,135034,可鲁克湖,1937,54.433579,-0.004089,1999,9,135,34
4199,135034,None,1938,136.474055,-0.002316,1999,9,135,34
4200,135034,None,1939,29.072309,-0.019771,1999,9,135,34
4201,135035,阿拉克湖,1940,35.002516,-0.002156,1999,7,135,35
4202,135036,错陇日阿,1941,3.867852,0.002831,2000,8,135,36
4203,135036,鄂陵湖,1942,542.818276,-0.004552,2000,8,135,36
4204,135036,None,1943,6.07522,-0.024409,2000,8,135,36
4205,135036,None,1944,3.748633,-0.027224,2000,8,135,36
4206,135036,日玛错根,1945,2.351942,-0.039503,2000,8,135,36
4207,135036,阿木措,1946,2.645925,-0.012915,2000,8,135,36
4208,135036,寇察9-47-63,1947,17.748062,0.008673,2000,8,135,36
4209,135037,赛龙错,1948,6.312856,-0.032542,1999,9,135,37
4210,135037,野鸡海,1949,20.683962,-0.022236,1999,9,135,37
4211,135038,布托错青,1950,9.114889,-0.032603,1999,9,135,38
4212,135038,布托错穷,1951,6.406645,-0.042321,1999,9,135,38
4213,135039,None,1952,0.847505,10.664828,1999,9,135,39
4214,135039,措毛切南侧,1953,1.387393,0.308748,1999,9,135,39
4215,135039,"冻错8-46-72,8-47-61",1954,1.850731,0.125725,1999,9,135,39
4216,134034,措喀莫日,1955,3.047186,-0.033248,2000,6,134,34
4217,134034,茶卡盐湖,1956,128.596186,-0.055674,2000,6,134,34
4219,133035,None,1958,2.336604,-0.999229,2001,7,133,35
4220,134035,9-47-29 托素湖,1959,227.050491,0.002564,2001,7,134,35
4221,133036,苦海,1960,49.471993,-0.050282,2002,7,133,36
4222,134036,托索湖南侧,1961,1.218133,-0.184068,2001,7,134,36
4223,134036,扎陵湖,1962,624.394525,-0.006919,2001,7,134,36
4224,134036,None,1963,2.058618,-0.424587,2001,7,134,36
4225,134036,扎陵湖,1964,1.439111,-0.856406,2001,7,134,36
4226,134036,看穷哈勒措,1965,0.181016,3.195344,2001,7,134,36
4227,134036,烈拉烈姆错,1966,2.450402,-0.005368,2001,7,134,36
4228,134036,尕拉拉错9-47-52,1967,21.967958,0.013933,2001,7,134,36
4229,134036,汪藏因姆错,1968,4.573016,0.011513,2001,7,134,36
4230,134036,哈江盐池,1969,9.051998,-0.532342,2001,7,134,36
4231,134036,南错,1970,1.849793,-0.921134,2001,7,134,36
4232,134036,龙日阿错,1971,18.646485,-0.76637,2001,7,134,36
4233,134036,星星海,1972,27.399577,-0.038905,2001,7,134,36
4235,134036,江蒙错,1974,4.984885,-0.055073,2001,7,134,36
4236,134036,热蒙错,1975,1.002227,-0.015631,2001,7,134,36
4237,134036,热蒙错左下,1976,1.070555,-0.861622,2001,7,134,36
4238,134036,阿涌吾儿马错9-47-41   1,1977,28.961091,-0.002177,2001,7,134,36
4240,134036,阿涌该马错,1978,17.150191,-0.031956,2001,7,134,36
4241,134036,阿涌该马错,1979,1.219504,-0.814259,2001,7,134,36
4242,134036,阿涌吾儿马错南侧,1980,0.914593,-0.996061,2001,7,134,36
4243,134036,None,1981,1.46814,-0.091398,2001,7,134,36
4244,134036,马龙错格,1982,2.311794,-0.078804,2001,7,134,36
4245,134036,冬草阿龙,1983,8.31093,-0.030956,2001,7,134,36
4246,134039,达拖错,1984,3.817045,-0.070341,2001,10,134,39
4247,134039,仁错,1985,4.908821,-0.277382,2001,10,134,39
4248,134039,人错,1986,2.23988,-0.024205,2001,10,134,39
4249,134039,冲各,1987,1.226728,-0.062806,2001,10,134,39
4250,134040,龙哑错,1988,1.084095,-0.032178,2001,10,134,40
4251,134040,None,1989,6.47546,0.018198,2001,10,134,40
4252,134040,None,1990,6.885994,0.091833,2001,10,134,40
4253,134040,None,1991,4.298888,0.049717,2001,10,134,40
4254,134040,None,1992,2.505711,0.760851,2001,10,134,40
4255,134040,None,1993,1.429321,0.190634,2001,10,134,40
4256,134040,None,1994,2.137776,-0.002324,2001,10,134,40
4257,133034,青海湖,1995,4260.993335,0.000258,2000,8,133,34
4258,133034,尕海,1996,45.89403,-0.001471,2000,8,133,34
4259,132035,None,1997,1.447569,0.410034,1999,8,132,35
4260,133035,None,1998,0.836787,-0.100883,2001,7,133,35
4261,133035,更尕海,1999,1.544304,0.000036,2001,7,133,35
4262,132035,None,2000,258.537047,0.165963,1999,8,132,35
4263,133038,多积海,2001,1.320923,-0.923288,2002,7,133,38
4264,133038,新路海,2002,2.438988,-0.049238,2002,7,133,38
4265,133039,莽错8-47-90,2003,18.000914,0.051899,2001,12,133,39
4266,132035,None,2004,20.130213,0.00815,1999,8,132,35
4267,132037,希门错,2005,4.688981,-0.102142,2001,10,132,37
4268,132037,日于措尕玛,2006,2.791092,-0.092171,2001,10,132,37
4269,132037,俄措尕玛,2007,1.05151,-0.117172,2001,10,132,37
4270,132037,冬鄂措,2008,1.570761,-0.093911,2001,10,132,37
4271,132039,None,2009,1.830471,-0.097672,2000,10,132,39
4272,132038,None,2010,2.680667,-0.129588,2001,11,132,38
4273,132039,None,2011,1.592613,-0.13792,2000,10,132,39
4274,132039,None,2012,1.102137,-0.069626,2000,10,132,39
4275,132039,None,2013,1.091484,-0.108392,2000,10,132,39
4276,132039,None,2014,1.373174,-0.07355,2000,10,132,39
4277,132039,None,2015,2.192094,-0.075551,2000,10,132,39
4278,132039,亚莫措根,2016,2.105984,-0.100262,2000,10,132,39
4279,132039,None,2017,1.882003,-0.121537,2000,10,132,39
4280,132040,None,2018,2.254582,0.026041,2000,12,132,40
4281,132040,None,2019,2.719272,0.08484,2000,12,132,40
4282,132040,None,2020,3.07389,0.107177,2000,12,132,40
4283,132040,None,2021,1.215448,-0.004724,2000,12,132,40
4284,132040,None,2022,1.707855,0.0001,2000,12,132,40
4285,132040,None,2023,2.064579,-0.017241,2000,12,132,40
4291,132041,None,2029,1.759263,0.00072,2000,12,132,41
4305,137039,崔布错8-46-54,2033,0.93352,0.782535,2000,12,137,39
4307,137037,错江钦-西侧,2034,4.087451,-0.162812,2001,7,137,37
4308,137040,羊错,2035,1.013058,0.014492,2000,12,137,40
2001,143035,阿克苏库勒,2036,11.953059,0.015241,2000,11,143,35
200201,143035,None,2037,0.381943,-0.103587,2000,11,143,35
200202,143035,None,2038,1.23387,-0.001645,2000,11,143,35
2003,143035,None,2039,0.85802,-0.046533,2000,11,143,35
2004,143035,None,2040,1.659006,-0.004363,2000,11,143,35
2005,143035,None,2041,0.905772,0.037474,2000,11,143,35
2006,143035,None,2042,1.087054,0.058525,2000,11,143,35
2007,143035,None,2043,4.540062,0.043411,2000,11,143,35
2008,143035,半干湖,2044,0.816098,0.002201,2000,11,143,35
2010,143035,None,2045,0.654818,0.126549,2000,11,143,35
2011,143035,None,2046,1.194334,0.018933,2000,11,143,35
2013,143035,None,2047,0.730227,0.026202,2000,11,143,35
2014,143035,None,2048,3.714905,0.040524,2000,11,143,35
2015,143035,半岛湖,2049,11.094877,0.059108,2000,11,143,35
2016,143035,黄草湖,2050,2.344093,0.059037,2000,11,143,35
201701,143035,羊湖,2051,68.831181,-0.00574,2000,11,143,35
201702,143035,羊湖,2052,5.512428,-0.037563,2000,11,143,35
201703,143035,羊湖,2053,2.105059,-0.023464,2000,11,143,35
201704,143035,羊湖,2054,0.508829,-0.093896,2000,11,143,35
201801,143035,莲藕湖,2055,1.26184,0.080009,2000,11,143,35
201802,143035,莲藕湖,2056,0.04662,0.171489,2000,11,143,35
201803,143035,莲藕湖,2057,0.340202,0.392609,2000,11,143,35
2019,143035,鸭嘴湖,2058,0.795848,-0.008851,2000,11,143,35
2020,143035,卧牛湖,2059,7.593748,0.0319,2000,11,143,35
2021,143035,卧牛湖,2060,0.276004,0.264424,2000,11,143,35
2022,143035,None,2061,1.770953,-0.039607,2000,11,143,35
2023,143036,岛湖,2062,16.018713,0.024835,2001,9,143,36
2024,143036,尖头湖,2063,4.975447,0.045328,2001,9,143,36
2025,143036,None,2064,3.439026,-0.196856,2001,9,143,36
2026,143036,长湖,2065,6.761468,0.017953,2001,9,143,36
2027,144036,园湖,2066,2.132926,0.036788,2001,10,144,36
2028,143036,三岛湖,2067,49.223316,-0.015763,2001,9,143,36
2029,143036,温泉湖,2068,12.19256,0.046469,2001,9,143,36
203001,143036,万泉湖,2069,77.219525,0.002568,2001,9,143,36
203002,143036,万泉湖,2070,1.930601,-0.044459,2001,9,143,36
2031,143036,小泉湖,2071,13.991317,0.0446,2001,9,143,36
2032,143036,None,2072,0.653639,3.207288,2001,9,143,36
2033,143036,小泉湖,2073,4.314648,0.658727,2001,9,143,36
2034,143036,心湖,2074,40.084217,-0.023268,2001,9,143,36
2035,143037,桃形湖,2075,7.777287,0.352952,2001,9,143,37
2036,143037,冈玛错,2076,8.531013,0.050497,2001,9,143,37
2037,143037,冈玛错,2077,2.464326,0.019474,2001,9,143,37
203801,143036,棉桃湖,2078,0.8739,0.030179,2001,9,143,36
203802,143036,棉桃湖,2079,0.483254,-0.012403,2001,9,143,36
2039,143036,弯岛湖,2080,2.40527,0.142485,2001,9,143,36
2040,143036,向阳湖,2081,2.074671,0.095551,2001,9,143,36
2041,143036,图中湖,2082,23.7297,-0.021974,2001,9,143,36
2042,143036,图北湖,2083,4.037601,0.131532,2001,9,143,36
2043,142037,None,2084,15.224497,0.054246,2000,10,142,37
2044,143037,鸭岛湖,2085,3.039265,-0.094474,2001,9,143,37
2045,143037,查波错,2086,42.835161,0.092758,2001,9,143,37
2046,143037,查哈那泊,2087,6.863061,1.143291,2001,9,143,37
2047,143037,查哈那泊,2088,3.474425,0.160569,2001,9,143,37
2048,143037,查哈那泊,2089,4.192728,0.088486,2001,9,143,37
2049,143037,查尕玛里错,2090,2.939053,0.022348,2001,9,143,37
205001,143037,别塘,2091,0.615594,0.134852,2001,9,143,37
205002,143037,别塘,2092,0.836225,0.476098,2001,9,143,37
2051,143037,None,2093,4.977642,-0.052035,2001,9,143,37
2052,143037,扎多拿日错穷,2094,1.506015,0.084109,2001,9,143,37
2053,143037,拉布错,2095,12.71542,0.104388,2001,9,143,37
2054,143037,夏那令错,2096,3.975708,0.061928,2001,9,143,37
2055,143037,查尔康错,2097,7.008783,0.018361,2001,9,143,37
2056,143037,娘荣错,2098,0.934984,0.461797,2001,9,143,37
205701,143038,搭拉不错,2099,21.54473,0.011746,2001,10,143,38
205702,143038,鸡岛错,2100,4.904162,0.036926,2001,10,143,38
2058,143038,物玛错,2101,3.65102,0.131318,2001,10,143,38
2059,143037,布尔嘎错,2102,14.052331,0.038586,2001,9,143,37
2060,143037,草欧岭,2103,1.317967,0.054656,2001,9,143,37
2061,143037,草欧岭,2104,0.958951,-0.032511,2001,9,143,37
2062,143037,才玛尔错,2105,42.44927,0.034316,2001,9,143,37
2063,143037,扎杰意错,2106,3.909759,0.209293,2001,9,143,37
2064,143037,多玛错,2107,12.855488,0.038977,2001,9,143,37
2065,143037,热那错,2108,19.263364,0.017234,2001,9,143,37
2066,143037,嘎瓦松门错,2109,1.786994,0.159013,2001,9,143,37
2068,143038,错果错,2110,10.263427,-0.02812,2001,10,143,38
2069,143038,次丁错,2111,3.57962,-0.027406,2001,10,143,38
2070,143038,麻米错,2112,100.682478,-0.001475,2001,10,143,38
2071,143038,过布错,2113,60.117425,0.003076,2001,10,143,38
2072,143038,仲吨错,2114,8.309899,-0.009218,2001,10,143,38
2073,143038,昂拉仁错,2115,497.498898,0.003125,2001,10,143,38
2074,143038,错娅,2116,1.099184,-0.025953,2001,10,143,38
2075,143038,挝那荣错　,2117,4.861949,-0.003863,2001,10,143,38
2076,143038,仁青休布错,2118,187.514591,-0.008247,2001,10,143,38
2077,143038,得阿壤错,2119,10.307157,-0.029955,2001,10,143,38
2078,143038,吓嘎错,2120,22.063755,0.00116,2001,10,143,38
2079,143038,普当错,2121,3.020943,-0.013656,2001,10,143,38
2080,143038,基步查嘎错,2122,7.14354,0.014606,2001,10,143,38
2081,143038,拉果错,2123,92.459633,0.005303,2001,10,143,38
2082,143038,西扎错,2124,4.955744,0.007121,2001,10,143,38
2083,143038,江戈错,2125,3.539395,0.32562,2001,10,143,38
2084,143038,布荣错,2126,6.38737,0.021821,2001,10,143,38
2085,143038,浪门嘎错,2127,1.454846,-0.016056,2001,10,143,38
208601,143038,查木错,2128,101.88522,0.109871,2001,10,143,38
208602,142038,查木错,2129,48.044688,0.342688,2000,10,142,38
2087,143039,布鲁错,2130,143.575471,-0.004649,2000,10,143,39
2088,142038,塔若错,2131,483.677315,-0.004331,2000,10,142,38
2089,143039,麦弄错,2132,1.423362,0.007917,2000,10,143,39
2090,143039,错日布者,2133,9.285724,-0.019497,2000,10,143,39
2091,143039,错如布子,2134,3.114581,-0.046885,2000,10,143,39
2092,143039,莫戈尔错,2135,1.679218,0.118969,2000,10,143,39
2093,143039,朗日拉错,2136,4.330158,-0.10427,2000,10,143,39
2094,143039,绒来康日冰川湖,2137,2.295792,0.134587,2000,10,143,39
2095,143039,甲别错,2138,1.13346,-0.028876,2000,10,143,39
2096,143039,扑当错,2139,6.921688,0.055684,2000,10,143,39
2097,143039,西则错,2140,0.973236,-0.007039,2000,10,143,39
2098,142039,森里错,2141,83.530366,-0.021664,2000,9,142,39
2099,142039,森里错,2142,2.165369,-0.078657,2000,9,142,39
210001,142039,然别错,2143,3.862652,0.052064,2000,9,142,39
210002,142039,然别错,2144,58.897081,0.121343,2000,9,142,39
2101,142039,江扎错,2145,10.382492,0.245672,2000,9,142,39
2102,143039,聂朗木错,2146,1.514705,-0.018719,2000,10,143,39
210301,143039,雅南错,2147,1.270558,0.071863,2000,10,143,39
210302,142040,雅南错,2148,1.201214,0.100755,1999,12,142,40
210401,143040,葱悲利错,2149,2.126311,0.038106,2001,12,143,40
210402,143040,葱悲利错,2150,0.599171,0.137761,2001,12,143,40
2105,142034,None,2151,3.250007,0.050765,2001,9,142,34
2106,142035,None,2152,1.084018,-0.03072,2001,7,142,35
2107,141035,兔子湖,2153,2.93306,-0.23723,1999,9,141,35
2108,142035,朝勃湖,2154,2.798165,-0.085429,2001,7,142,35
2109,142035,五辩 湖,2155,1.253776,-0.10066,2001,7,142,35
2110,142035,鲸鱼湖,2156,4.977888,-0.12497,2001,7,142,35
2111,142035,车辙湖,2157,0.727988,-0.263491,2001,7,142,35
2112,142035,长鼻湖,2158,0.703612,-0.114916,2001,7,142,35
2113,142035,阳春湖,2159,0.975539,-0.154837,2001,7,142,35
2114,142035,石漫湖,2160,0.710619,-0.197786,2001,7,142,35
2115,142035,鸟歇湖,2161,7.455423,-0.07145,2001,7,142,35
2116,142035,笋子湖,2162,0.790847,-0.174456,2001,7,142,35
2117,142035,击拳湖,2163,0.969456,-0.146777,2001,7,142,35
2118,142035,沛雨湖,2164,1.088175,-0.156332,2001,7,142,35
2119,142035,永丰湖,2165,4.641861,-0.124388,2001,7,142,35
2120,142035,滢水湖,2166,3.964357,-0.101869,2001,7,142,35
212101,142035,巨头湖,2167,2.030852,-0.139566,2001,7,142,35
212102,142035,长虹湖,2168,18.813563,-0.047687,2001,7,142,35
212103,142035,长虹湖,2169,0.961111,-0.789194,2001,7,142,35
212104,142035,长虹湖,2170,1.856567,-0.17297,2001,7,142,35
2122,142035,萦萦湖,2171,1.187305,-0.080245,2001,7,142,35
2123,142035,春浪湖,2172,2.091073,-0.095164,2001,7,142,35
2124,142035,北角湖,2173,1.637844,-0.106197,2001,7,142,35
2125,142035,玉果湖,2174,0.950133,-0.086675,2001,7,142,35
2126,142035,羊嘴湖,2175,1.059891,-0.143418,2001,7,142,35
2127,142035,啄木鸟湖,2176,3.532921,-0.11446,2001,7,142,35
2128,142035,白冰湖,2177,12.497436,-0.066832,2001,7,142,35
2129,142035,海豹湖,2178,2.483016,-0.106431,2001,7,142,35
2130,142035,沉鱼湖,2179,7.910009,-0.049234,2001,7,142,35
2131,142035,新拓湖,2180,0.799755,-0.120577,2001,7,142,35
2132,142035,大鹏湖,2181,18.771243,-0.46725,2001,7,142,35
2133,142035,小鹏湖,2182,0.997023,-0.136014,2001,7,142,35
2134,142035,金光湖,2183,2.190638,-0.111048,2001,7,142,35
2135,142035,常胜湖,2184,0.861354,-0.142677,2001,7,142,35
2136,142035,金石泊,2185,2.084888,-0.11865,2001,7,142,35
2137,142035,月岛湖,2186,10.060933,-0.051928,2001,7,142,35
2138,142036,团结湖,2187,1.670397,0.454133,2002,5,142,36
2139,142035,胜利湖,2188,23.796167,-0.001592,2001,7,142,35
2140,142035,双园湖,2189,0.736652,-0.074488,2001,7,142,35
2141,142035,沁水湖,2190,1.550137,-0.136016,2001,7,142,35
214201,142035,涌波湖,2191,51.799281,-0.020596,2001,7,142,35
214202,142035,涌波湖,2192,2.353218,0.482954,2001,7,142,35
214301,142035,涌波湖,2193,0.375141,0.292454,2001,7,142,35
214302,142035,涌波湖,2194,0.182177,0.054523,2001,7,142,35
214401,142035,涟水湖&北岛湖&西泉湖,2195,18.850692,-0.005475,2001,7,142,35
214402,141035,振泉湖,2196,40.443522,0.051267,1999,9,141,35
2145,142035,西泉湖,2197,1.562014,-0.09021,2001,7,142,35
2146,142035,黑犬湖,2198,1.32437,0.844606,2001,7,142,35
2147,142035,灯笼湖,2199,0.282361,1.077536,2001,7,142,35
214801,142035,细沙湖,2200,0.591642,0.397555,2001,7,142,35
214802,142035,细沙湖,2201,1.127461,0.426376,2001,7,142,35
2149,142035,跳鼠湖,2202,1.349663,-0.077472,2001,7,142,35
2150,142035,None,2203,0.955046,-0.589754,2001,7,142,35
2151,142036,图边湖,2204,2.406667,-0.323088,2002,5,142,36
2152,142036,尖嘴湖,2205,0.592237,0.761835,2002,5,142,36
2153,142036,None,2206,0.940332,-0.909521,2002,5,142,36
2154,142036,None,2207,1.483422,-0.991504,2002,5,142,36
2155,142036,拉雄错,2208,58.669423,0.000478,2002,5,142,36
2156,142036,拉雄错,2209,13.017136,0.227012,2002,5,142,36
2157,142036,香桃湖,2210,13.242841,-0.033177,2002,5,142,36
2158,142036,布若错,2211,89.52786,-0.576661,2002,5,142,36
2159,142036,雪源湖,2212,26.480216,-0.318542,2002,5,142,36
2160,142036,大熊湖,2213,39.93771,-0.001134,2002,5,142,36
2161,142036,长梁山无名湖,2214,11.706716,0.018517,2002,5,142,36
2162,142036,沙嘴湖,2215,3.38697,-0.036377,2002,5,142,36
2163,142036,None,2216,2.153373,-0.096156,2002,5,142,36
2164,142036,None,2217,1.162616,-0.08122,2002,5,142,36
216501,142036,白雪湖,2218,0.915719,0.119955,2002,5,142,36
216502,142036,白雪湖,2219,0.934506,0.214752,2002,5,142,36
2166,142036,玛尔盖茶卡,2220,74.915005,0.317585,2002,5,142,36
2167,142036,石榴湖,2221,4.240256,0.095923,2002,5,142,36
2168,142036,前卫湖,2222,1.169753,0.019272,2002,5,142,36
2169,142036,青蛙湖,2223,25.063293,-0.001305,2002,5,142,36
2170,142036,双泉湖,2224,2.37976,0.113301,2002,5,142,36
217101,141037,拉相错,2225,22.202769,-0.009758,2001,9,141,37
217102,142036,拉相错,2226,0.458406,-0.00444,2002,5,142,36
2172,142037,日湾擦卡,2227,6.429434,0.208062,2000,10,142,37
2173,143037,多玛错,2228,0.435073,1.698606,2001,9,143,37
2174,142037,五指湖,2229,9.431036,0.007116,2000,10,142,37
2175,142037,五指湖,2230,2.104813,0.032843,2000,10,142,37
2176,142037,求如巴,2231,7.628491,0.032552,2000,10,142,37
2177,142037,None,2232,1.808184,0.015645,2000,10,142,37
2178,142037,戈木错,2233,65.364744,0.047022,2000,10,142,37
2179,142037,宁日错,2234,11.761806,0.001007,2000,10,142,37
2180,142037,宁日错,2235,3.495281,-0.029326,2000,10,142,37
2181,142037,None,2236,1.923375,0.001091,2000,10,142,37
2182,142037,古瓶湖,2237,1.902469,-0.009208,2000,10,142,37
2183,142037,走构由茶错,2238,7.352175,0.011149,2000,10,142,37
2184,142037,走构由茶,2239,2.064943,0.045886,2000,10,142,37
2185,142037,扎也错,2240,8.292484,0.039354,2000,10,142,37
2186,142037,座倾错,2241,9.229756,0.007613,2000,10,142,37
218701,142037,None,2242,0.429614,-0.003705,2000,10,142,37
218702,142037,None,2243,0.216148,0.007821,2000,10,142,37
2188,142037,南扎错纳丁湖,2244,18.081558,-0.020927,2000,10,142,37
2189,142037,None,2245,1.023301,-0.02443,2000,10,142,37
2190,141037,长蛇湖,2246,1.315518,-0.133244,2001,9,141,37
2191,141037,玛耶错,2247,6.91537,-0.054469,2001,9,141,37
2192,142037,None,2248,0.760311,-0.085298,2000,10,142,37
2193,142037,肾湖,2249,2.152819,-0.05307,2000,10,142,37
2194,142037,夏珠错,2250,5.140673,-0.033128,2000,10,142,37
2195,142037,东查,2251,2.888625,0.083534,2000,10,142,37
2196,142037,None,2252,1.776917,0.09363,2000,10,142,37
2197,142037,错俄合,2253,2.27998,-0.067973,2000,10,142,37
2198,142037,杂如错,2254,3.886466,-0.053868,2000,10,142,37
2199,141037,北于潮,2255,13.993266,0.037358,2001,9,141,37
2200,142037,None,2256,2.514866,-0.049447,2000,10,142,37
2201,142037,加青错,2257,9.871943,0.016715,2000,10,142,37
2202,142037,加穷错,2258,3.783107,0.019241,2000,10,142,37
2203,142037,雅孔错,2259,0.81691,0.19432,2000,10,142,37
2205,142038,洞错,2260,88.937605,0.024809,2000,10,142,38
2206,142038,错穷,2261,5.351148,-0.052812,2000,10,142,38
2207,142038,扎西错布,2262,46.688541,-0.006234,2000,10,142,38
2208,142038,永错,2263,1.767348,0.067231,2000,10,142,38
2209,142038,None,2264,4.660276,-0.026765,2000,10,142,38
2210,142038,加波错,2265,6.476669,0.007103,2000,10,142,38
2211,142039,曲依错,2266,62.045066,0.004624,2000,9,142,39
2212,142039,伍箱,2267,4.350602,-0.000735,2000,9,142,39
2213,142038,达娃错,2268,104.998464,0.002954,2000,10,142,38
2214,142038,清木柯,2269,9.255183,0.001292,2000,10,142,38
2215,142038,八乌错,2270,4.700714,0.181194,2000,10,142,38
221601,142038,夺廊错果,2271,3.311436,0.110579,2000,10,142,38
221602,142038,夺廊错果,2272,1.562964,-0.022922,2000,10,142,38
2217,142038,多雄罗玛错,2273,1.927857,0.090277,2000,10,142,38
2218,142038,我扎错,2274,5.463446,-0.055094,2000,10,142,38
2219,142038,则拉雄错,2275,4.793824,-0.022422,2000,10,142,38
2220,142038,它日错,2276,39.610595,-0.014916,2000,10,142,38
2221,142038,蔡几错,2277,22.907257,0.056263,2000,10,142,38
2222,142038,纪格错,2278,20.685821,-0.018973,2000,10,142,38
2223,142038,扎日南木错,2279,969.874252,0.008543,2000,10,142,38
2224,142039,敌布错,2280,60.533281,-0.012846,2000,9,142,39
2225,142039,嘎仁错,2281,66.788862,-0.016503,2000,9,142,39
2226,142039,木尔东错,2282,1.577381,-0.065452,2000,9,142,39
2227,142039,错熊巴,2283,1.990897,-0.028736,2000,9,142,39
2228,142039,达烈错,2284,4.734815,-0.021328,2000,9,142,39
2229,142039,奖弄错丁,2285,2.725756,-0.026238,2000,9,142,39
2230,142039,杰萨错,2286,143.327866,-0.012678,2000,9,142,39
2231,142039,麻沙泽顶错,2287,2.742215,-0.07044,2000,9,142,39
2232,142039,None,2288,1.039424,-0.167896,2000,9,142,39
2233,142040,None,2289,0.916991,-0.590111,1999,12,142,40
2234,142040,错神珠,2290,3.229575,-0.027874,1999,12,142,40
2235,142039,们缸错,2291,1.547538,-0.012926,2000,9,142,39
2236,141039,达闭错,2292,3.773848,-0.026284,2001,9,141,39
2237,141039,嘎荣错,2293,6.404767,0.011681,2001,9,141,39
2238,142039,次拉错,2294,1.965743,0.036905,2000,9,142,39
2239,142039,次加错,2295,1.60421,0.035118,2000,9,142,39
2241,141039,达多错,2296,3.238901,-0.023439,2001,9,141,39
2242,141039,多穷错,2297,5.85108,-0.009034,2001,9,141,39
2243,141039,达马孜壤,2298,29.286827,0.003479,2001,9,141,39
2244,141039,鹅旺次,2299,2.274724,-0.029678,2001,9,141,39
2245,141039,玛拥错,2300,2.382891,-0.046678,2001,9,141,39
224601,141039,扯假错,2301,0.86042,-0.09788,2001,9,141,39
224602,141039,扯假错,2302,2.75392,-0.027564,2001,9,141,39
224603,141039,扯假错,2303,0.981968,0.032098,2001,9,141,39
2247,141039,姆错丙尼,2304,146.696406,-0.00663,2001,9,141,39
2248,141039,None,2305,0.968907,-0.005933,2001,9,141,39
2249,141039,马丁错,2306,5.477378,-0.051378,2001,9,141,39
2250,141039,坡寨错,2307,27.766703,-0.0159,2001,9,141,39
2251,141039,丁珠错,2308,5.584696,-0.025324,2001,9,141,39
2252,141039,畜如错,2309,210.113392,-0.006985,2001,9,141,39
2253,141039,母虾错,2310,2.022348,-0.055566,2001,9,141,39
2254,141039,矿多错,2311,4.916455,-0.063459,2001,9,141,39
2255,141039,打加错,2312,110.220734,-0.007591,2001,9,141,39
2256,141040,打加芒错,2313,9.564972,0.005391,2000,11,141,40
2257,141039,蓬错错,2314,2.011477,-0.053905,2001,9,141,39
2258,141039,阿木错,2315,22.019277,-0.03859,2001,9,141,39
2259,141039,贡斗错,2316,1.061192,-0.077491,2001,9,141,39
2260,141040,贡斗错,2317,2.259939,0.217277,2000,11,141,40
2261,141040,曲张错,2318,6.549362,-0.025716,2000,11,141,40
2262,141039,昂俄错,2319,1.407552,-0.030928,2001,9,141,39
2263,141039,邬迥错,2320,3.633432,-0.00514,2001,9,141,39
2264,141040,向则错,2321,1.67851,-0.032083,2000,11,141,40
2265,141040,卡具错,2322,2.699155,-0.042912,2000,11,141,40
2266,141040,错戮龙,2323,14.940514,0.042977,2000,11,141,40
2267,141040,佩枯错,2324,277.032288,-0.003136,2000,11,141,40
2268,141040,共错,2325,5.096888,0.803121,2000,11,141,40
2269,141040,郭骆错,2326,4.686704,0.498963,2000,11,141,40
2270,141040,浪强错,2327,26.012388,-0.006391,2000,11,141,40
2271,141040,科门错,2328,2.146015,-0.027765,2000,11,141,40
2272,141040,江西错,2329,3.41543,0.890694,2000,11,141,40
2273,141040,共错,2330,2.392117,-0.052544,2000,11,141,40
2274,141040,共错8-45-136-        西南冰舌湖,2331,3.071189,0.052102,2000,11,141,40
2275,141040,玛朗错,2332,3.744032,0.267259,2000,11,141,40
2276,141040,博唐错,2333,2.933515,-0.026984,2000,11,141,40
2277,141038,唐古拉攸穆错,2334,837.255995,-0.003556,2001,9,141,38
2278,140039,昂孜错,2335,408.825924,0.026841,2000,10,140,39
2279,141038,阿果错,2336,5.896522,0.016378,2001,9,141,38
2280,141038,佳冻错,2337,4.127447,-0.023138,2001,9,141,38
2281,141038,错龙错,2338,6.247872,-0.038165,2001,9,141,38
2282,141038,当雄错,2339,57.011619,-0.013208,2001,9,141,38
2283,141038,日根错,2340,39.05121,-0.007114,2001,9,141,38
2284,141038,None,2341,0.778903,-0.024387,2001,9,141,38
228501,141038,None,2342,0.477655,-0.123099,2001,9,141,38
228502,141038,None,2343,0.864901,-0.117666,2001,9,141,38
2286,141038,雄让龙马,2344,0.957269,-0.03944,2001,9,141,38
2287,141038,孜如错,2345,13.393602,0.00444,2001,9,141,38
2288,141038,垌莫错,2346,13.265302,0.004106,2001,9,141,38
2289,141038,甲若错,2347,14.472578,0.043356,2001,9,141,38
2290,141038,甲若错,2348,7.492312,0.028721,2001,9,141,38
2291,141038,None,2349,1.061723,-0.093538,2001,9,141,38
2292,141038,巫嘎错,2350,11.6255,0.20688,2001,9,141,38
2293,141038,None,2351,1.181389,-0.042016,2001,9,141,38
2294,141038,佣尖错,2352,19.280317,-0.022135,2001,9,141,38
2295,141038,雅个朵错,2353,44.418857,0.004149,2001,9,141,38
2296,141038,虾别错,2354,15.50564,0.005471,2001,9,141,38
2297,141038,查布罗错,2355,6.46333,-0.03173,2001,9,141,38
2298,141038,错哇,2356,3.94715,0.051686,2001,9,141,38
2299,141038,普许错,2357,13.950688,0.089189,2001,9,141,38
2300,140038,打者错,2358,244.762371,0.002535,2000,10,140,38
2301,141038,冻果错,2359,1.380527,1.412379,2001,9,141,38
2302,141038,冻果错,2360,26.051127,-0.020373,2001,9,141,38
2303,140038,岗脚错,2361,3.476381,-0.00963,2000,10,140,38
2304,140038,割忘错,2362,56.572615,0.000149,2000,10,140,38
2305,140038,差布错,2363,38.054959,0.01193,2000,10,140,38
230601,140038,懂布错,2364,9.742047,0.077434,2000,10,140,38
230602,141038,懂布错,2365,13.363512,0.00362,2001,9,141,38
2307,141038,None,2366,1.015827,0.066405,2001,9,141,38
2308,141038,贡母麻吉错,2367,2.921168,0.004874,2001,9,141,38
2309,141037,多不次,2368,2.554481,-0.081817,2001,9,141,37
2310,141037,次依如惹,2369,8.503167,-0.039544,2001,9,141,37
2311,141037,次依查库,2370,1.995354,-0.038279,2001,9,141,37
2312,141037,桑真,2371,1.738567,0.116833,2001,9,141,37
2313,141037,雅木尕嘛木尕错,2372,4.099524,0.011337,2001,9,141,37
2314,141037,None,2373,0.845495,0.314502,2001,9,141,37
2315,141037,None,2374,3.216311,-0.056831,2001,9,141,37
2316,141037,None,2375,3.125032,-0.033018,2001,9,141,37
2317,141037,None,2376,1.049487,-0.064961,2001,9,141,37
2318,141037,江爱藏布,2377,1.772719,-0.053173,2001,9,141,37
2319,141037,None,2378,1.473333,0.014161,2001,9,141,37
232001,141037,嘎尔孔茶卡,2379,52.107689,0.005357,2001,9,141,37
232002,141037,嘎尔孔茶卡,2380,2.062357,-0.011699,2001,9,141,37
2321,141037,唢呐湖,2381,29.0736,-0.004618,2001,9,141,37
2322,141037,玛尔果茶卡,2382,88.974285,-0.002605,2001,9,141,37
2323,141037,热觉茶卡,2383,26.139085,-0.02353,2001,9,141,37
2324,141037,康如茶卡,2384,14.795672,-0.037226,2001,9,141,37
2325,141037,None,2385,1.493555,-0.099323,2001,9,141,37
2326,141037,本松错,2386,10.198661,-0.020229,2001,9,141,37
2327,141037,冈塘错,2387,11.570538,-0.0164,2001,9,141,37
232801,141037,角木茶卡,2388,12.685101,0.033094,2001,9,141,37
232802,141037,角木茶卡,2389,2.677983,0.123541,2001,9,141,37
2329,141037,None,2390,0.574743,-0.188989,2001,9,141,37
2330,141037,依布茶卡,2391,165.897733,-0.00615,2001,9,141,37
2331,141037,盐碱湖,2392,4.363128,-0.037529,2001,9,141,37
2332,141037,日根错,2393,3.508761,-0.018707,2001,9,141,37
2333,141037,吓先错,2394,4.811396,0.001413,2001,9,141,37
2334,141037,播委错,2395,5.94967,-0.000548,2001,9,141,37
2335,141037,None,2396,1.156927,-0.12543,2001,9,141,37
233601,141037,孜狮错,2397,5.301224,-0.024643,2001,9,141,37
233602,141037,咸水湖,2398,1.22952,-0.030433,2001,9,141,37
2337,141037,达杂迪扎错,2399,18.034446,-0.010978,2001,9,141,37
2338,141037,播央错,2400,2.209765,-0.019726,2001,9,141,37
2339,141036,None,2401,1.482069,-0.051615,1999,9,141,36
2340,142039,惩香错,2402,7.97365,0.016954,2000,9,142,39
2341,141036,朝阳湖,2403,82.877162,0.019872,1999,9,141,36
2342,141036,None,2404,9.624945,0.002184,1999,9,141,36
2343,141036,双端湖,2405,2.102934,-0.107658,1999,9,141,36
234401,141036,龙舟湖,2406,25.269512,-0.003807,1999,9,141,36
234402,141036,葫芦池,2407,15.785647,-0.019091,1999,9,141,36
234403,141036,鸭子湖,2408,5.776407,-0.056151,1999,9,141,36
234404,141036,None,2409,1.69285,1.216617,1999,9,141,36
2345,141036,None,2410,7.684449,0.181314,1999,9,141,36
2346,141036,None,2411,17.284311,0.096783,1999,9,141,36
2347,141036,金泉湖,2412,1.577738,-0.036061,1999,9,141,36
2348,141036,亚克错,2413,18.413999,-0.14666,1999,9,141,36
2349,141036,太古湖,2414,2.144984,-0.151353,1999,9,141,36
2350,141036,None,2415,0.965996,-0.124018,1999,9,141,36
235101,141036,元宝湖,2416,9.134929,-0.028822,1999,9,141,36
235102,141036,吐坡错,2417,23.439882,-0.019311,1999,9,141,36
235103,141036,错尼,2418,18.931206,-0.055145,1999,9,141,36
235104,141036,错尼,2419,39.436695,-0.025588,1999,9,141,36
235105,141036,错尼,2420,2.415557,-0.076934,1999,9,141,36
2352,141036,白土塘,2421,6.02538,0.05777,1999,9,141,36
2353,141036,白云湖,2422,2.321833,0.227615,1999,9,141,36
2354,141036,None,2423,1.198501,-0.065086,1999,9,141,36
2355,141036,确旦错,2424,30.864803,0.031033,1999,9,141,36
2356,141036,雪环湖,2425,32.025963,0.253244,1999,9,141,36
2358,141036,None,2426,0.321984,0.143606,1999,9,141,36
2359,141036,丽疆湖,2427,2.116261,-0.094845,1999,9,141,36
2360,141036,畅饮湖,2428,2.789735,0.115347,1999,9,141,36
2361,141036,黄水湖,2429,14.18604,0.059146,1999,9,141,36
2362,141036,浩波湖,2430,20.237443,0.182574,1999,9,141,36
2363,141036,映天湖,2431,12.106786,0.08255,1999,9,141,36
2364,141036,托把湖,2432,3.197642,0.037766,1999,9,141,36
2365,140036,琵琶湖,2433,1.825736,-0.241399,1999,8,140,36
2366,141036,琵琶湖,2434,14.981095,0.01447,1999,9,141,36
2367,141036,芝兰湖,2435,1.343545,-0.056235,1999,9,141,36
2368,141036,向阳湖,2436,8.406458,0.015102,1999,9,141,36
2369,141036,枣核湖,2437,1.410544,0.081155,1999,9,141,36
2370,141035,沙心湖,2438,1.698028,-0.145998,1999,9,141,35
2371,141035,雪景湖,2439,60.457613,-0.065704,1999,9,141,35
2372,141035,丽湖,2440,1.705173,-0.090935,1999,9,141,35
2373,141035,得雨湖,2441,53.932322,-0.062247,1999,9,141,35
2374,141035,青波湖,2442,3.780096,0.017335,1999,9,141,35
2375,141035,None,2443,0.405377,-0.141222,1999,9,141,35
2377,141035,None,2444,0.70525,0.076475,1999,9,141,35
2378,141035,喜鹊湖,2445,2.073623,-0.068375,1999,9,141,35
2379,141035,None,2446,0.481788,-0.221399,1999,9,141,35
2381,141035,澄雪湖,2447,1.469062,-0.142608,1999,9,141,35
2382,141035,蛤蟆湖,2448,1.821232,-0.128153,1999,9,141,35
2384,141035,None,2449,0.493332,-0.246079,1999,9,141,35
2385,141035,落雁湖,2450,0.952058,-0.254646,1999,9,141,35
2386,141035,水乡湖,2451,7.32576,-0.06214,1999,9,141,35
2387,141035,明磊湖,2452,0.395294,-0.110354,1999,9,141,35
2388,141035,双联湖,2453,0.777959,-0.168805,1999,9,141,35
2389,141035,金钟湖,2454,0.912319,-0.091104,1999,9,141,35
2390,141035,雪梅湖,2455,32.148671,-0.171932,1999,9,141,35
2391,141035,展翅湖,2456,6.543885,-0.019452,1999,9,141,35
2392,141035,银波湖,2457,1.368377,0.075662,1999,9,141,35
2393,141035,银波湖,2458,26.288824,-0.017161,1999,9,141,35
2394,141035,仙鹤湖,2459,16.90893,-0.029413,1999,9,141,35
2395,141035,None,2460,0.94473,-0.115759,1999,9,141,35
2396,141035,None,2461,0.942355,-0.438734,1999,9,141,35
2397,141035,美菊湖,2462,3.619675,-0.005303,1999,9,141,35
239801,141035,美菊湖,2463,17.327409,-0.001252,1999,9,141,35
239802,141035,美菊湖,2464,1.632027,-0.362849,1999,9,141,35
2399,141035,冬瓜湖,2465,5.511676,0.058654,1999,9,141,35
2400,141035,玉琳湖,2466,2.326185,0.155947,1999,9,141,35
2401,141035,玉琳湖,2467,0.698397,0.820353,1999,9,141,35
240201,141035,双莲湖,2468,7.373252,0.080263,1999,9,141,35
240202,141035,若拉错,2469,63.15919,0.02274,1999,9,141,35
240203,140035,淡冰湖,2470,35.125913,-0.079281,1999,8,140,35
240204,141035,双莲湖,2471,4.950607,0.155086,1999,9,141,35
2403,141034,阿其格库勒,2472,372.555244,0.000141,2001,10,141,34
2404,141035,镜明湖,2473,2.80064,-0.01502,1999,9,141,35
